/*
Navicat MySQL Data Transfer

Source Server         : 127.0.0.1_3306
Source Server Version : 50532
Source Host           : 127.0.0.1:3306
Source Database       : crm

Target Server Type    : MYSQL
Target Server Version : 50532
File Encoding         : 65001

Date: 2015-07-07 23:49:00
*/

SET FOREIGN_KEY_CHECKS=0;

-- ----------------------------
-- Table structure for act_evt_log
-- ----------------------------
DROP TABLE IF EXISTS `act_evt_log`;
CREATE TABLE `act_evt_log` (
  `LOG_NR_` bigint(20) NOT NULL AUTO_INCREMENT,
  `TYPE_` varchar(64) COLLATE utf8_bin DEFAULT NULL,
  `PROC_DEF_ID_` varchar(64) COLLATE utf8_bin DEFAULT NULL,
  `PROC_INST_ID_` varchar(64) COLLATE utf8_bin DEFAULT NULL,
  `EXECUTION_ID_` varchar(64) COLLATE utf8_bin DEFAULT NULL,
  `TASK_ID_` varchar(64) COLLATE utf8_bin DEFAULT NULL,
  `TIME_STAMP_` timestamp NOT NULL DEFAULT CURRENT_TIMESTAMP ON UPDATE CURRENT_TIMESTAMP,
  `USER_ID_` varchar(255) COLLATE utf8_bin DEFAULT NULL,
  `DATA_` longblob,
  `LOCK_OWNER_` varchar(255) COLLATE utf8_bin DEFAULT NULL,
  `LOCK_TIME_` timestamp NULL DEFAULT NULL,
  `IS_PROCESSED_` tinyint(4) DEFAULT '0',
  PRIMARY KEY (`LOG_NR_`)
) ENGINE=InnoDB DEFAULT CHARSET=utf8 COLLATE=utf8_bin;

-- ----------------------------
-- Records of act_evt_log
-- ----------------------------

-- ----------------------------
-- Table structure for act_ge_bytearray
-- ----------------------------
DROP TABLE IF EXISTS `act_ge_bytearray`;
CREATE TABLE `act_ge_bytearray` (
  `ID_` varchar(64) COLLATE utf8_bin NOT NULL DEFAULT '',
  `REV_` int(11) DEFAULT NULL,
  `NAME_` varchar(255) COLLATE utf8_bin DEFAULT NULL,
  `DEPLOYMENT_ID_` varchar(64) COLLATE utf8_bin DEFAULT NULL,
  `BYTES_` longblob,
  `GENERATED_` tinyint(4) DEFAULT NULL,
  PRIMARY KEY (`ID_`),
  KEY `ACT_FK_BYTEARR_DEPL` (`DEPLOYMENT_ID_`),
  CONSTRAINT `ACT_FK_BYTEARR_DEPL` FOREIGN KEY (`DEPLOYMENT_ID_`) REFERENCES `act_re_deployment` (`ID_`)
) ENGINE=InnoDB DEFAULT CHARSET=utf8 COLLATE=utf8_bin;

-- ----------------------------
-- Records of act_ge_bytearray
-- ----------------------------
INSERT INTO `act_ge_bytearray` VALUES ('12503', '1', '我来测试', '12502', 0x3C3F786D6C2076657273696F6E3D22312E302220656E636F64696E673D225554462D38223F3E0A3C646566696E6974696F6E7320786D6C6E733D22687474703A2F2F7777772E6F6D672E6F72672F737065632F42504D4E2F32303130303532342F4D4F44454C2220786D6C6E733A7873693D22687474703A2F2F7777772E77332E6F72672F323030312F584D4C536368656D612D696E7374616E63652220786D6C6E733A7873643D22687474703A2F2F7777772E77332E6F72672F323030312F584D4C536368656D612220786D6C6E733A61637469766974693D22687474703A2F2F61637469766974692E6F72672F62706D6E2220786D6C6E733A62706D6E64693D22687474703A2F2F7777772E6F6D672E6F72672F737065632F42504D4E2F32303130303532342F44492220786D6C6E733A6F6D6764633D22687474703A2F2F7777772E6F6D672E6F72672F737065632F44442F32303130303532342F44432220786D6C6E733A6F6D6764693D22687474703A2F2F7777772E6F6D672E6F72672F737065632F44442F32303130303532342F44492220747970654C616E67756167653D22687474703A2F2F7777772E77332E6F72672F323030312F584D4C536368656D61222065787072657373696F6E4C616E67756167653D22687474703A2F2F7777772E77332E6F72672F313939392F585061746822207461726765744E616D6573706163653D22687474703A2F2F7777772E61637469766974692E6F72672F70726F63657373646566223E0A20203C70726F636573732069643D2270726F636573732220697345786563757461626C653D2274727565223E0A202020203C73746172744576656E742069643D227369642D33443844343439352D304334412D343839412D393830432D373134453934414133323037223E3C2F73746172744576656E743E0A202020203C757365725461736B2069643D227369642D45354637383543362D444242322D344139462D393638432D31433530363137434437313022206E616D653D22E59388E59388223E3C2F757365725461736B3E0A202020203C73657175656E6365466C6F772069643D227369642D44323544333736302D463932302D344344422D424142392D4335343639444539314138442220736F757263655265663D227369642D33443844343439352D304334412D343839412D393830432D37313445393441413332303722207461726765745265663D227369642D45354637383543362D444242322D344139462D393638432D314335303631374344373130223E3C2F73657175656E6365466C6F773E0A202020203C656E644576656E742069643D227369642D39304538413238362D373736432D343833362D393843442D324237383030363637373133223E3C2F656E644576656E743E0A202020203C73657175656E6365466C6F772069643D227369642D33454441383842342D414334322D344437392D383543362D3539463331343133444345362220736F757263655265663D227369642D45354637383543362D444242322D344139462D393638432D31433530363137434437313022207461726765745265663D227369642D39304538413238362D373736432D343833362D393843442D324237383030363637373133223E3C2F73657175656E6365466C6F773E0A202020203C757365725461736B2069643D227369642D35363135333532302D343938302D344545452D413346422D42463845304638423643373522206E616D653D2278697869223E3C2F757365725461736B3E0A202020203C73657175656E6365466C6F772069643D227369642D37424634333441442D434338312D344637372D423631362D4230313943373938314344372220736F757263655265663D227369642D45354637383543362D444242322D344139462D393638432D31433530363137434437313022207461726765745265663D227369642D35363135333532302D343938302D344545452D413346422D424638453046384236433735223E3C2F73657175656E6365466C6F773E0A202020203C656E644576656E742069643D227369642D42424646463634432D394137392D343933462D413245312D323435454134334532354330223E3C2F656E644576656E743E0A202020203C73657175656E6365466C6F772069643D227369642D44363045353136392D344635412D344436302D423938332D4442424343433131434234342220736F757263655265663D227369642D35363135333532302D343938302D344545452D413346422D42463845304638423643373522207461726765745265663D227369642D42424646463634432D394137392D343933462D413245312D323435454134334532354330223E3C2F73657175656E6365466C6F773E0A20203C2F70726F636573733E0A20203C62706D6E64693A42504D4E4469616772616D2069643D2242504D4E4469616772616D5F70726F63657373223E0A202020203C62706D6E64693A42504D4E506C616E652062706D6E456C656D656E743D2270726F63657373222069643D2242504D4E506C616E655F70726F63657373223E0A2020202020203C62706D6E64693A42504D4E53686170652062706D6E456C656D656E743D227369642D33443844343439352D304334412D343839412D393830432D373134453934414133323037222069643D2242504D4E53686170655F7369642D33443844343439352D304334412D343839412D393830432D373134453934414133323037223E0A20202020202020203C6F6D6764633A426F756E6473206865696768743D2233302E30222077696474683D2233302E302220783D223137352E302220793D223132322E30223E3C2F6F6D6764633A426F756E64733E0A2020202020203C2F62706D6E64693A42504D4E53686170653E0A2020202020203C62706D6E64693A42504D4E53686170652062706D6E456C656D656E743D227369642D45354637383543362D444242322D344139462D393638432D314335303631374344373130222069643D2242504D4E53686170655F7369642D45354637383543362D444242322D344139462D393638432D314335303631374344373130223E0A20202020202020203C6F6D6764633A426F756E6473206865696768743D2238302E30222077696474683D223130302E302220783D223235302E302220793D2239372E30223E3C2F6F6D6764633A426F756E64733E0A2020202020203C2F62706D6E64693A42504D4E53686170653E0A2020202020203C62706D6E64693A42504D4E53686170652062706D6E456C656D656E743D227369642D39304538413238362D373736432D343833362D393843442D324237383030363637373133222069643D2242504D4E53686170655F7369642D39304538413238362D373736432D343833362D393843442D324237383030363637373133223E0A20202020202020203C6F6D6764633A426F756E6473206865696768743D2232382E30222077696474683D2232382E302220783D223339352E302220793D223132332E30223E3C2F6F6D6764633A426F756E64733E0A2020202020203C2F62706D6E64693A42504D4E53686170653E0A2020202020203C62706D6E64693A42504D4E53686170652062706D6E456C656D656E743D227369642D35363135333532302D343938302D344545452D413346422D424638453046384236433735222069643D2242504D4E53686170655F7369642D35363135333532302D343938302D344545452D413346422D424638453046384236433735223E0A20202020202020203C6F6D6764633A426F756E6473206865696768743D2238302E30222077696474683D223130302E302220783D223339352E302220793D2239372E30223E3C2F6F6D6764633A426F756E64733E0A2020202020203C2F62706D6E64693A42504D4E53686170653E0A2020202020203C62706D6E64693A42504D4E53686170652062706D6E456C656D656E743D227369642D42424646463634432D394137392D343933462D413245312D323435454134334532354330222069643D2242504D4E53686170655F7369642D42424646463634432D394137392D343933462D413245312D323435454134334532354330223E0A20202020202020203C6F6D6764633A426F756E6473206865696768743D2232382E30222077696474683D2232382E302220783D223534302E302220793D223132332E30223E3C2F6F6D6764633A426F756E64733E0A2020202020203C2F62706D6E64693A42504D4E53686170653E0A2020202020203C62706D6E64693A42504D4E456467652062706D6E456C656D656E743D227369642D37424634333441442D434338312D344637372D423631362D423031394337393831434437222069643D2242504D4E456467655F7369642D37424634333441442D434338312D344637372D423631362D423031394337393831434437223E0A20202020202020203C6F6D6764693A776179706F696E7420783D223335302E302220793D223133372E30223E3C2F6F6D6764693A776179706F696E743E0A20202020202020203C6F6D6764693A776179706F696E7420783D223339352E302220793D223133372E30223E3C2F6F6D6764693A776179706F696E743E0A2020202020203C2F62706D6E64693A42504D4E456467653E0A2020202020203C62706D6E64693A42504D4E456467652062706D6E456C656D656E743D227369642D33454441383842342D414334322D344437392D383543362D353946333134313344434536222069643D2242504D4E456467655F7369642D33454441383842342D414334322D344437392D383543362D353946333134313344434536223E0A20202020202020203C6F6D6764693A776179706F696E7420783D223335302E302220793D223133372E30223E3C2F6F6D6764693A776179706F696E743E0A20202020202020203C6F6D6764693A776179706F696E7420783D223339352E302220793D223133372E30223E3C2F6F6D6764693A776179706F696E743E0A2020202020203C2F62706D6E64693A42504D4E456467653E0A2020202020203C62706D6E64693A42504D4E456467652062706D6E456C656D656E743D227369642D44323544333736302D463932302D344344422D424142392D433534363944453931413844222069643D2242504D4E456467655F7369642D44323544333736302D463932302D344344422D424142392D433534363944453931413844223E0A20202020202020203C6F6D6764693A776179706F696E7420783D223230352E302220793D223133372E30223E3C2F6F6D6764693A776179706F696E743E0A20202020202020203C6F6D6764693A776179706F696E7420783D223235302E302220793D223133372E30223E3C2F6F6D6764693A776179706F696E743E0A2020202020203C2F62706D6E64693A42504D4E456467653E0A2020202020203C62706D6E64693A42504D4E456467652062706D6E456C656D656E743D227369642D44363045353136392D344635412D344436302D423938332D444242434343313143423434222069643D2242504D4E456467655F7369642D44363045353136392D344635412D344436302D423938332D444242434343313143423434223E0A20202020202020203C6F6D6764693A776179706F696E7420783D223439352E302220793D223133372E30223E3C2F6F6D6764693A776179706F696E743E0A20202020202020203C6F6D6764693A776179706F696E7420783D223534302E302220793D223133372E30223E3C2F6F6D6764693A776179706F696E743E0A2020202020203C2F62706D6E64693A42504D4E456467653E0A202020203C2F62706D6E64693A42504D4E506C616E653E0A20203C2F62706D6E64693A42504D4E4469616772616D3E0A3C2F646566696E6974696F6E733E, '0');
INSERT INTO `act_ge_bytearray` VALUES ('12505', '1', '我来测试', '12504', 0x3C3F786D6C2076657273696F6E3D22312E302220656E636F64696E673D225554462D38223F3E0A3C646566696E6974696F6E7320786D6C6E733D22687474703A2F2F7777772E6F6D672E6F72672F737065632F42504D4E2F32303130303532342F4D4F44454C2220786D6C6E733A7873693D22687474703A2F2F7777772E77332E6F72672F323030312F584D4C536368656D612D696E7374616E63652220786D6C6E733A7873643D22687474703A2F2F7777772E77332E6F72672F323030312F584D4C536368656D612220786D6C6E733A61637469766974693D22687474703A2F2F61637469766974692E6F72672F62706D6E2220786D6C6E733A62706D6E64693D22687474703A2F2F7777772E6F6D672E6F72672F737065632F42504D4E2F32303130303532342F44492220786D6C6E733A6F6D6764633D22687474703A2F2F7777772E6F6D672E6F72672F737065632F44442F32303130303532342F44432220786D6C6E733A6F6D6764693D22687474703A2F2F7777772E6F6D672E6F72672F737065632F44442F32303130303532342F44492220747970654C616E67756167653D22687474703A2F2F7777772E77332E6F72672F323030312F584D4C536368656D61222065787072657373696F6E4C616E67756167653D22687474703A2F2F7777772E77332E6F72672F313939392F585061746822207461726765744E616D6573706163653D22687474703A2F2F7777772E61637469766974692E6F72672F70726F63657373646566223E0A20203C70726F636573732069643D2270726F636573732220697345786563757461626C653D2274727565223E0A202020203C73746172744576656E742069643D227369642D33443844343439352D304334412D343839412D393830432D373134453934414133323037223E3C2F73746172744576656E743E0A202020203C757365725461736B2069643D227369642D45354637383543362D444242322D344139462D393638432D31433530363137434437313022206E616D653D22E59388E59388223E3C2F757365725461736B3E0A202020203C73657175656E6365466C6F772069643D227369642D44323544333736302D463932302D344344422D424142392D4335343639444539314138442220736F757263655265663D227369642D33443844343439352D304334412D343839412D393830432D37313445393441413332303722207461726765745265663D227369642D45354637383543362D444242322D344139462D393638432D314335303631374344373130223E3C2F73657175656E6365466C6F773E0A202020203C656E644576656E742069643D227369642D39304538413238362D373736432D343833362D393843442D324237383030363637373133223E3C2F656E644576656E743E0A202020203C73657175656E6365466C6F772069643D227369642D33454441383842342D414334322D344437392D383543362D3539463331343133444345362220736F757263655265663D227369642D45354637383543362D444242322D344139462D393638432D31433530363137434437313022207461726765745265663D227369642D39304538413238362D373736432D343833362D393843442D324237383030363637373133223E3C2F73657175656E6365466C6F773E0A202020203C757365725461736B2069643D227369642D35363135333532302D343938302D344545452D413346422D42463845304638423643373522206E616D653D2278697869223E3C2F757365725461736B3E0A202020203C73657175656E6365466C6F772069643D227369642D37424634333441442D434338312D344637372D423631362D4230313943373938314344372220736F757263655265663D227369642D45354637383543362D444242322D344139462D393638432D31433530363137434437313022207461726765745265663D227369642D35363135333532302D343938302D344545452D413346422D424638453046384236433735223E3C2F73657175656E6365466C6F773E0A202020203C656E644576656E742069643D227369642D42424646463634432D394137392D343933462D413245312D323435454134334532354330223E3C2F656E644576656E743E0A202020203C73657175656E6365466C6F772069643D227369642D44363045353136392D344635412D344436302D423938332D4442424343433131434234342220736F757263655265663D227369642D35363135333532302D343938302D344545452D413346422D42463845304638423643373522207461726765745265663D227369642D42424646463634432D394137392D343933462D413245312D323435454134334532354330223E3C2F73657175656E6365466C6F773E0A20203C2F70726F636573733E0A20203C62706D6E64693A42504D4E4469616772616D2069643D2242504D4E4469616772616D5F70726F63657373223E0A202020203C62706D6E64693A42504D4E506C616E652062706D6E456C656D656E743D2270726F63657373222069643D2242504D4E506C616E655F70726F63657373223E0A2020202020203C62706D6E64693A42504D4E53686170652062706D6E456C656D656E743D227369642D33443844343439352D304334412D343839412D393830432D373134453934414133323037222069643D2242504D4E53686170655F7369642D33443844343439352D304334412D343839412D393830432D373134453934414133323037223E0A20202020202020203C6F6D6764633A426F756E6473206865696768743D2233302E30222077696474683D2233302E302220783D223137352E302220793D223132322E30223E3C2F6F6D6764633A426F756E64733E0A2020202020203C2F62706D6E64693A42504D4E53686170653E0A2020202020203C62706D6E64693A42504D4E53686170652062706D6E456C656D656E743D227369642D45354637383543362D444242322D344139462D393638432D314335303631374344373130222069643D2242504D4E53686170655F7369642D45354637383543362D444242322D344139462D393638432D314335303631374344373130223E0A20202020202020203C6F6D6764633A426F756E6473206865696768743D2238302E30222077696474683D223130302E302220783D223235302E302220793D2239372E30223E3C2F6F6D6764633A426F756E64733E0A2020202020203C2F62706D6E64693A42504D4E53686170653E0A2020202020203C62706D6E64693A42504D4E53686170652062706D6E456C656D656E743D227369642D39304538413238362D373736432D343833362D393843442D324237383030363637373133222069643D2242504D4E53686170655F7369642D39304538413238362D373736432D343833362D393843442D324237383030363637373133223E0A20202020202020203C6F6D6764633A426F756E6473206865696768743D2232382E30222077696474683D2232382E302220783D223339352E302220793D223132332E30223E3C2F6F6D6764633A426F756E64733E0A2020202020203C2F62706D6E64693A42504D4E53686170653E0A2020202020203C62706D6E64693A42504D4E53686170652062706D6E456C656D656E743D227369642D35363135333532302D343938302D344545452D413346422D424638453046384236433735222069643D2242504D4E53686170655F7369642D35363135333532302D343938302D344545452D413346422D424638453046384236433735223E0A20202020202020203C6F6D6764633A426F756E6473206865696768743D2238302E30222077696474683D223130302E302220783D223339352E302220793D2239372E30223E3C2F6F6D6764633A426F756E64733E0A2020202020203C2F62706D6E64693A42504D4E53686170653E0A2020202020203C62706D6E64693A42504D4E53686170652062706D6E456C656D656E743D227369642D42424646463634432D394137392D343933462D413245312D323435454134334532354330222069643D2242504D4E53686170655F7369642D42424646463634432D394137392D343933462D413245312D323435454134334532354330223E0A20202020202020203C6F6D6764633A426F756E6473206865696768743D2232382E30222077696474683D2232382E302220783D223534302E302220793D223132332E30223E3C2F6F6D6764633A426F756E64733E0A2020202020203C2F62706D6E64693A42504D4E53686170653E0A2020202020203C62706D6E64693A42504D4E456467652062706D6E456C656D656E743D227369642D37424634333441442D434338312D344637372D423631362D423031394337393831434437222069643D2242504D4E456467655F7369642D37424634333441442D434338312D344637372D423631362D423031394337393831434437223E0A20202020202020203C6F6D6764693A776179706F696E7420783D223335302E302220793D223133372E30223E3C2F6F6D6764693A776179706F696E743E0A20202020202020203C6F6D6764693A776179706F696E7420783D223339352E302220793D223133372E30223E3C2F6F6D6764693A776179706F696E743E0A2020202020203C2F62706D6E64693A42504D4E456467653E0A2020202020203C62706D6E64693A42504D4E456467652062706D6E456C656D656E743D227369642D33454441383842342D414334322D344437392D383543362D353946333134313344434536222069643D2242504D4E456467655F7369642D33454441383842342D414334322D344437392D383543362D353946333134313344434536223E0A20202020202020203C6F6D6764693A776179706F696E7420783D223335302E302220793D223133372E30223E3C2F6F6D6764693A776179706F696E743E0A20202020202020203C6F6D6764693A776179706F696E7420783D223339352E302220793D223133372E30223E3C2F6F6D6764693A776179706F696E743E0A2020202020203C2F62706D6E64693A42504D4E456467653E0A2020202020203C62706D6E64693A42504D4E456467652062706D6E456C656D656E743D227369642D44323544333736302D463932302D344344422D424142392D433534363944453931413844222069643D2242504D4E456467655F7369642D44323544333736302D463932302D344344422D424142392D433534363944453931413844223E0A20202020202020203C6F6D6764693A776179706F696E7420783D223230352E302220793D223133372E30223E3C2F6F6D6764693A776179706F696E743E0A20202020202020203C6F6D6764693A776179706F696E7420783D223235302E302220793D223133372E30223E3C2F6F6D6764693A776179706F696E743E0A2020202020203C2F62706D6E64693A42504D4E456467653E0A2020202020203C62706D6E64693A42504D4E456467652062706D6E456C656D656E743D227369642D44363045353136392D344635412D344436302D423938332D444242434343313143423434222069643D2242504D4E456467655F7369642D44363045353136392D344635412D344436302D423938332D444242434343313143423434223E0A20202020202020203C6F6D6764693A776179706F696E7420783D223439352E302220793D223133372E30223E3C2F6F6D6764693A776179706F696E743E0A20202020202020203C6F6D6764693A776179706F696E7420783D223534302E302220793D223133372E30223E3C2F6F6D6764693A776179706F696E743E0A2020202020203C2F62706D6E64693A42504D4E456467653E0A202020203C2F62706D6E64693A42504D4E506C616E653E0A20203C2F62706D6E64693A42504D4E4469616772616D3E0A3C2F646566696E6974696F6E733E, '0');
INSERT INTO `act_ge_bytearray` VALUES ('17502', '8', 'source', null, 0x7B227265736F757263654964223A2263616E766173222C2270726F70657274696573223A7B226E616D65223A22E5AEA2E688B7E5AEA1E689B9E8B7AFE7A88B222C22646F63756D656E746174696F6E223A22E5AEA2E688B7E8AFA6E7BB86E8B584E69699E5AEA1E689B9222C2270726F636573735F6964223A22437573746F6D6572466C6F77222C2270726F636573735F617574686F72223A22222C2270726F636573735F65786563757461626C65223A22596573222C2270726F636573735F76657273696F6E223A22222C2270726F636573735F6E616D657370616365223A22687474703A2F2F7777772E61637469766974692E6F72672F70726F63657373646566222C22657865637574696F6E6C697374656E657273223A227B5C22746F74616C436F756E745C223A20312C205C226974656D735C223A205B7B5C22657865637574696F6E5F6C697374656E65725F6576656E745F747970655C223A205C22656E645C222C205C22657865637574696F6E5F6C697374656E65725F636C6173735C223A205C226F72672E73736D2E63726D3532302E7574696C2E50726F63657373456E644C697374656E65725C222C205C22657865637574696F6E5F6C697374656E65725F65787072657373696F6E5C223A205C225C222C205C22657865637574696F6E5F6C697374656E65725F64656C65676174655F65787072657373696F6E5C223A205C225C222C205C22657865637574696F6E5F6C697374656E65725F6669656C64735C223A205C22756E646566696E65645C227D5D7D222C226576656E746C697374656E657273223A22222C226461746170726F70657274696573223A22227D2C227374656E63696C223A7B226964223A2242504D4E4469616772616D227D2C226368696C64536861706573223A5B7B227265736F757263654964223A227369642D37383433373533392D354335372D344244422D383034422D363036363835314143333545222C2270726F70657274696573223A7B226F766572726964656964223A22222C226E616D65223A22222C22646F63756D656E746174696F6E223A22222C22666F726D70726F70657274696573223A22222C22696E69746961746F72223A22222C22666F726D6B6579646566696E6974696F6E223A22222C22657865637574696F6E6C697374656E657273223A22227D2C227374656E63696C223A7B226964223A2253746172744E6F6E654576656E74227D2C226368696C64536861706573223A5B5D2C226F7574676F696E67223A5B7B227265736F757263654964223A227369642D42434646453232422D313642322D344543332D383034372D354631343038334334413146227D5D2C22626F756E6473223A7B226C6F7765725269676874223A7B2278223A3331322E352C2279223A36307D2C2275707065724C656674223A7B2278223A3238322E352C2279223A33307D7D2C22646F636B657273223A5B5D7D2C7B227265736F757263654964223A227369642D43454545304431462D443741342D344542452D423834432D363243423041353739444143222C2270726F70657274696573223A7B226F766572726964656964223A22222C226E616D65223A22E7A1AEE8AEA4E5AEA2E688B7E4BFA1E681AF222C22646F63756D656E746174696F6E223A22222C22666F726D6B6579646566696E6974696F6E223A2273686F77436F6E6669726D496E666F466F726D222C2264756564617465646566696E6974696F6E223A22222C227072696F72697479646566696E6974696F6E223A22222C2263617465676F7279646566696E6974696F6E223A22222C22757365727461736B61737369676E6D656E74223A7B22746F74616C436F756E74223A312C226974656D73223A5B7B2261737369676E6D656E745F74797065223A2261737369676E6565222C227265736F7572636561737369676E6D656E7465787072223A22247B73656C6C65727D227D5D7D2C22637573746F6D6964656E746974796C696E6B73223A22222C22666F726D70726F70657274696573223A22222C227461736B6C697374656E657273223A22222C226173796E6368726F6E6F7573646566696E6974696F6E223A224E6F222C226578636C7573697665646566696E6974696F6E223A22596573222C226C6F6F7074797065223A224E6F6E65222C226D756C7469696E7374616E63655F73657175656E7469616C223A22596573222C226D756C7469696E7374616E63655F63617264696E616C697479223A22222C226D756C7469696E7374616E63655F636F6C6C656374696F6E223A22222C226D756C7469696E7374616E63655F7661726961626C65223A22222C226D756C7469696E7374616E63655F636F6E646974696F6E223A22222C226973666F72636F6D70656E736174696F6E223A2266616C7365227D2C227374656E63696C223A7B226964223A22557365725461736B227D2C226368696C64536861706573223A5B5D2C226F7574676F696E67223A5B7B227265736F757263654964223A227369642D30434232443933372D373542432D343743352D394535312D413539313638413239363737227D5D2C22626F756E6473223A7B226C6F7765725269676874223A7B2278223A3334372E352C2279223A3138357D2C2275707065724C656674223A7B2278223A3234372E352C2279223A3130357D7D2C22646F636B657273223A5B5D7D2C7B227265736F757263654964223A227369642D42434646453232422D313642322D344543332D383034372D354631343038334334413146222C2270726F70657274696573223A7B226F766572726964656964223A22222C226E616D65223A22222C22646F63756D656E746174696F6E223A22222C22636F6E646974696F6E73657175656E6365666C6F77223A22222C2264656661756C74666C6F77223A224E6F6E65222C22636F6E646974696F6E616C666C6F77223A224E6F6E65222C22657865637574696F6E6C697374656E657273223A22227D2C227374656E63696C223A7B226964223A2253657175656E6365466C6F77227D2C226368696C64536861706573223A5B5D2C226F7574676F696E67223A5B7B227265736F757263654964223A227369642D43454545304431462D443741342D344542452D423834432D363243423041353739444143227D5D2C22626F756E6473223A7B226C6F7765725269676874223A7B2278223A3239372E352C2279223A3130342E393337357D2C2275707065724C656674223A7B2278223A3239372E352C2279223A36302E303632357D7D2C22646F636B657273223A5B7B2278223A31352C2279223A31357D2C7B2278223A35302C2279223A34307D5D2C22746172676574223A7B227265736F757263654964223A227369642D43454545304431462D443741342D344542452D423834432D363243423041353739444143227D7D2C7B227265736F757263654964223A227369642D35303446364346352D384635392D344330342D394243332D463037344135314231333545222C2270726F70657274696573223A7B226F766572726964656964223A22222C226E616D65223A22E7BB8FE79086E5AEA1E689B9222C22646F63756D656E746174696F6E223A22222C22666F726D6B6579646566696E6974696F6E223A2273686F774D616E61676572436F6E6669726D466F726D222C2264756564617465646566696E6974696F6E223A22222C227072696F72697479646566696E6974696F6E223A22222C2263617465676F7279646566696E6974696F6E223A22222C22757365727461736B61737369676E6D656E74223A22222C22637573746F6D6964656E746974796C696E6B73223A22222C22666F726D70726F70657274696573223A22222C227461736B6C697374656E657273223A227B5C22746F74616C436F756E745C223A20312C205C226974656D735C223A205B7B5C227461736B5F6C697374656E65725F6576656E745F747970655C223A205C226372656174655C222C205C227461736B5F6C697374656E65725F636C6173735C223A205C226F72672E73736D2E63726D3532302E7574696C2E4D616E6167657248616E6465724C697374656E65725C222C205C227461736B5F6C697374656E65725F65787072657373696F6E5C223A205C225C222C205C227461736B5F6C697374656E65725F64656C65676174655F65787072657373696F6E5C223A205C225C222C205C227461736B5F6C697374656E65725F6669656C64735C223A205C22756E646566696E65645C227D5D7D222C226173796E6368726F6E6F7573646566696E6974696F6E223A224E6F222C226578636C7573697665646566696E6974696F6E223A22596573222C226C6F6F7074797065223A224E6F6E65222C226D756C7469696E7374616E63655F73657175656E7469616C223A22596573222C226D756C7469696E7374616E63655F63617264696E616C697479223A22222C226D756C7469696E7374616E63655F636F6C6C656374696F6E223A22222C226D756C7469696E7374616E63655F7661726961626C65223A22222C226D756C7469696E7374616E63655F636F6E646974696F6E223A22222C226973666F72636F6D70656E736174696F6E223A2266616C7365227D2C227374656E63696C223A7B226964223A22557365725461736B227D2C226368696C64536861706573223A5B5D2C226F7574676F696E67223A5B7B227265736F757263654964223A227369642D46373041393441302D374544322D343338342D423445432D334438444138343043383341227D5D2C22626F756E6473223A7B226C6F7765725269676874223A7B2278223A3334372E352C2279223A3333357D2C2275707065724C656674223A7B2278223A3234372E352C2279223A3235357D7D2C22646F636B657273223A5B5D7D2C7B227265736F757263654964223A227369642D46364438423331312D383532462D343244322D383735382D303534313046434444363937222C2270726F70657274696573223A7B226F766572726964656964223A22222C226E616D65223A22222C22646F63756D656E746174696F6E223A22222C22657865637574696F6E6C697374656E657273223A22227D2C227374656E63696C223A7B226964223A22456E644E6F6E654576656E74227D2C226368696C64536861706573223A5B5D2C226F7574676F696E67223A5B5D2C22626F756E6473223A7B226C6F7765725269676874223A7B2278223A3331312E352C2279223A3433337D2C2275707065724C656674223A7B2278223A3238332E352C2279223A3430357D7D2C22646F636B657273223A5B5D7D2C7B227265736F757263654964223A227369642D46373041393441302D374544322D343338342D423445432D334438444138343043383341222C2270726F70657274696573223A7B226F766572726964656964223A22222C226E616D65223A22222C22646F63756D656E746174696F6E223A22222C22636F6E646974696F6E73657175656E6365666C6F77223A22222C2264656661756C74666C6F77223A224E6F6E65222C22636F6E646974696F6E616C666C6F77223A224E6F6E65222C22657865637574696F6E6C697374656E657273223A22227D2C227374656E63696C223A7B226964223A2253657175656E6365466C6F77227D2C226368696C64536861706573223A5B5D2C226F7574676F696E67223A5B7B227265736F757263654964223A227369642D46364438423331312D383532462D343244322D383735382D303534313046434444363937227D5D2C22626F756E6473223A7B226C6F7765725269676874223A7B2278223A3239372E352C2279223A3430342E343337357D2C2275707065724C656674223A7B2278223A3239372E352C2279223A3333352E37313837357D7D2C22646F636B657273223A5B7B2278223A35302C2279223A34307D2C7B2278223A31342C2279223A31347D5D2C22746172676574223A7B227265736F757263654964223A227369642D46364438423331312D383532462D343244322D383735382D303534313046434444363937227D7D2C7B227265736F757263654964223A227369642D30434232443933372D373542432D343743352D394535312D413539313638413239363737222C2270726F70657274696573223A7B226F766572726964656964223A22222C226E616D65223A22222C22646F63756D656E746174696F6E223A22222C22636F6E646974696F6E73657175656E6365666C6F77223A22222C2264656661756C74666C6F77223A224E6F6E65222C22636F6E646974696F6E616C666C6F77223A224E6F6E65222C22657865637574696F6E6C697374656E657273223A22227D2C227374656E63696C223A7B226964223A2253657175656E6365466C6F77227D2C226368696C64536861706573223A5B5D2C226F7574676F696E67223A5B7B227265736F757263654964223A227369642D35303446364346352D384635392D344330342D394243332D463037344135314231333545227D5D2C22626F756E6473223A7B226C6F7765725269676874223A7B2278223A3239372E352C2279223A3235342E31353632357D2C2275707065724C656674223A7B2278223A3239372E352C2279223A3138352E38343337357D7D2C22646F636B657273223A5B7B2278223A35302C2279223A34307D2C7B2278223A35302C2279223A34307D5D2C22746172676574223A7B227265736F757263654964223A227369642D35303446364346352D384635392D344330342D394243332D463037344135314231333545227D7D5D2C22626F756E6473223A7B226C6F7765725269676874223A7B2278223A313438352C2279223A313035307D2C2275707065724C656674223A7B2278223A302C2279223A307D7D2C227374656E63696C736574223A7B2275726C223A222E2E2F7374656E63696C736574732F62706D6E322E302F62706D6E322E302E6A736F6E222C226E616D657370616365223A22687474703A2F2F62336D6E2E6F72672F7374656E63696C7365742F62706D6E322E3023227D2C227373657874656E73696F6E73223A5B5D7D, null);
INSERT INTO `act_ge_bytearray` VALUES ('17503', '4', 'source-extra', null, 0x89504E470D0A1A0A0000000D4948445200000096000001C50806000000106C000F000000206348524D00007A26000080840000FA00000080E8000075300000EA6000003A98000017709CBA513C0000000467414D410000B18E7CFB5193000000017352474200AECE1CE900000006624B474400FF00FF00FFA0BDA793000000097048597300000EC400000EC401952B0E1B000020004944415478DAED9D095C54E5FEFFBF03030CE44D4B545054224DAEE28A19EEA4E68A4B8ABB96BFBC95A97FB36B666696DE5B57B3BA37BDE652529028795D4245DC503129102471275344D9517301D904CEFF79CE0C23233370E66C339CF3FDBC5ECFEB9C39EB9CE7BCE7FBFD3EDFF39C67005028140A8542A15028140A8542A15028140A8542A15028140A8542A15028140A8542A15028140A8542A15028140A8542A1502801D26015D414C330BAC3870FBF1A1D1D3DE5F2E5CB5D2E5DBAE476F3E64D6D616121B8B8B830EEEEEE0F5BB46891D5A449935F2B2A2AFE79E0C081DFB1D610AC5A81FAC73FFEF14D6C6CECE48C8C0C6D6060200C193204FCFCFCC0CBCB0B1A34680014AE5BB76EC1F9F3E7E1C89123B077EF5EC6D1D1F1C69F7FFEF90959BE096B11C132D18E1D3B5E5BBF7EFDBABCBC3C97152B56C0D0A14341ABD572DA97582C58B26449457676F61FB9B9B923C9A22B6AAF4F47B4528CD6CDCD2DE6A38F3E7AFB95575ED186868682AFAF2F383838703E469B366DE0CD37DF74D0E974EEF1F1F1AF13CB96575454F41B82A562A80848BF7EF1C517BDB76FDF0E13264CB00AA8C7D5A3470F6AE99C2222225E727272BA5B5252928460A950D45251A88E1D3BC6C65162C8C3C3038283839D424242FA11AB9541169D45B054165351F7472D95585055A951A346F0D24B2F39FFF0C30F03CACBCB779345B7102C95B4FE66CF9E1D3763C60C47EAFEA410B55C4F3CF10473F4E8D180CACACA10B5D5B1831AC1FAE4934F426EDFBEED3C77EE5C49CF337FFE7CD7A64D9B3E4366A721582AB056C48A4CA02905D28A93FC7CDF7DF7DD5324909F8360295C34A37EEDDA352DCD53C9A1C183073BBBBABA52ABE58D602958F4318D35C94F313464C8905C320946B0142CFAEC6FE0C081B29E73DCB8718DC8A43F82A560D107CA5DBA7491F59CDDBB777723932E6AAA67ADDAC0A2BD14682A404E356BD6AC099994A0C552B068EF04DA4B414E19CEA743B0142C9AB4A470C9A98282823CB4580A17EDA4979B9B2BEB39737272EE81CA1EEBA80E2C4F4FCF1B292929B29E332626E62A99A420580A56D3A64D8FD39E9F726AEBD6AD0C991C47B014ACACACAC15D1D1D195E5E5E5729DB2243E3EDE974C7720580A567272F2559D4E778D76279643EBD6ADDB595959994D66D3112C852B2F2F6FF17BEFBD572E83D5BAFBF6DB6FB727D38D6AAB6355F6C72A2D2DBDE8E8E838DEC1C1A159AF5EBD243BCFE8D1A3B75CBA74E94932BB90944AB458EAB05AA33EFDF4D3E2848404498E7FF8F0E13D4423C8ECEBA494ABAD7ED5DCE7FD2E8D7B22232387D23EEAB43BB158BA78F1E22FBD7BF76EC730CCFBE4E3513556AEAA5FA62031D6B9B2B2B2DCCD9B370FECDBB7AF337D29550C4B45A12201FB7A1ABBABB56E55FF5E2101E0745151D13502D760AD565BDEB3674F679EAF80DD1D376EDC8F1F7CF0417F62A93E249FD7AAB95EF14DE847F226017D88BBBB7B8790909027478C18E1CA71BF920D1B3644CE9B37AFCDC3870F4B0C3155AADA2B13C1AAA96002D85BAEAEAE1DFBF5EB7773CA94290DFCFDFD9D8965F3F8DFFFFE0763C78EBDA5D3E9FE8C8D8DFD233C3CDCF1D75F7F6D5751519145F6A36FE284AB315047B0AC130DB86877E2DEA474377CD61AC0A14FB1E9B33FFA988666D4D3B1BA102CBE5A46CAC7A42C37CCA36A910356010AC142215828040B8542B05008160AC142A1102C14828542B05028040B8560A1102C140AC142215828040B8542B05008160AC142A1102C14828542B05028040B8560A1102C140AC1422158287508C76E302F3A12DF0AAC47B458622B05AB00C192427410F8071CB7CDC4EA42B0AC854BCCED102C14AB0D75ACAF1AB96F0B561582658DE248A9ED8F0DE9E87EB70CDBA1102CCEA203D51EAA639B48C03147112C1EFAAF85E5557F5FB213AB08C1E2EB0E4B2CD41B6D0DC6601521587C44DDDCF65A5A83E806112CDEFA9F05377804AB06C112226A99EE3D5667B4351885558360097587B166602BC4AA41B084EAABC73E636B10C112458FFF5B662C560982258668CAE1AA613E0DF47FA289AA4536EB47C4308C6EDDBA35734F9E4C9A969AFA7BBBB367CFE94A4A4AF08E0894A3A323E3EDDDFCB687877B626EEE9F5F5CBD7AFD986AC00A09F9665678F8962FAF5D4B779B39F335E8D3A7370404BC003A9DCE128666E66B5BC6671B654CE98F33252515E2E29261D3A69D6505050F2E6567E74F23ABCE2B1AAC4D9BBE89FCF0C38F462F5AB410E6CE9D0D5AAD536D768D235CEA0388EB74EDDA2DB074E99AE2B2B2B2C9454565BB65B39C7243B572E567A3B76D8B80E0E060707070E4C0BDC6CC6F406361CAE537A491F837695FBD947BF4E8084141FD9DB66EDD3FA2A8A8E41C597459516051F7472CD5020A554040801978CC152E5068EA00486325681A8E536BBF87EDD4B46963183EBCAF4B6868E4F0F2F28A7D6451BE22C0A281FA82050B8E9078CA895AAABAA08A8ADA074B962C85F5EBD7C3CE9DBBC0CDCD0D7C7D7D3902217754A091E93C42E17A1A5C5C9C8B8E1D4BEA56595919A608B0C845CDDFB76FFF88F0F0B06AEEEF7137A72FCB962D87C3876320232303CE9C3903F7EF1740727232DCB891010306BC880D7001EAD5AB8BEBEAD5E14EC5C5A5F120715F7D59C072776FB26ED0A0811E81818116AC955E51515110191909D1D1D12C5824E0847BF7EE414E4E0E01EB3A787A36073FBF0E806F5BF1575656DEE5C4C4736E64F6B094E79125419A9A9ADA8EA614EAFAF5868585B156AABCBC666F94CCCC2C78F5D5FFAB1701B33D2B38F8A516641228F579B4725C0C4D7ED23C95694AA0260CB9B9B9909D9D0DCD9A356363AABCDC3CD0B9EA80A964206864100B5EDD690954EDAD443F4F3269A208B068D24E9FFC3407D4A3652C50ED7C61EBD6ADE0E3E363D6A22148C2A4D3B9C872DF6DF8AC9001D3641E033366BCCA02D8B061C31A5BC71C89017FFF6EF5F896AAEBC7E0207FC53266E0D297A0A011D0C1AF3D0C1838004A4A4D9F1B2E5CB8104243432C1C478C1BC7C8B41F8360C909D7DDBB7760C58A9570E1C24508D914023A17D3E7862D5BB624EB5791D662661D37AAB6C73D757D97DAF6E77A3CE0B83D8225215CFAF9EFBF0F8371E326405B125F5137D8BC79F31A7B75E8D0015AB77E06264E9A0621DF85F1B87962DF68A61E5A24F9BE9B56DE8BD298CC171616C25B6FCD019F67DBC2AEC8DDA0D56AA1450B2F983973268C1A350A3A76ECC86E9D9696465316F0EE7B8B60EAF4E9B0E483C5B0F6EB8D3077CE1B3CAD955A64BBEBB7812BD45F6C7A7A3A89A946C3B4E933E0BD45EFB3505175EAD40976FCF413346BEE09A792932121F12478120B16BE35826D35D2ED3E5BF539249F3A0D3F6EDBC511226B7B06D81A00AE6E95EB75C87F5D36B358C38605B156AA55ABD635B6A4EE70C28489B51EEDAB356B602409F6274D7C19EAEEAF253416140AA2B5A0D467776B638B451FCD383AF2E7BACAC209EF04C8886871ECCF72A824DDF0A8C23B77EE08498989C6B5E19B37733A8AE5ED188EA009850365C7AD4206BA77EF06E7CE9D352EDDB2259CD3DE35B763EA804A2C78F8EE6B6D3A8441B0F85B2C2060F9C36FC9BF491400333C811062AD8402C3379FC677AA98E0DDB4C2DCDD9F868B172FC0F06143D8CFF97979C6F9DA547DBBB4B4AB75DC403E3081C8C0A9535AB981D24BDF3ACCCCFC438226399F809E2F44D65A07F5006AC304A958391F31A092CB4D8A0DA858E7AFF7AEF0F10BD408A8146B2D9654D64BCE5403233390F5CE6209B9503E596AB1401392C6E00B03BA4201D64723C07DF0B15872B94946841F50FD04D0A6C1BB75968B1100975850F1B55A202124AA4F37C815BCCB69BD84DC603E698DFAE326EDC0156A78B666C4068CEB32B15B8A0C8F6BE59BDE50952B640440C937FDC01734AE3755CC474720005ADBA51D6C907917E302ADB556524305126C23D45AA9327817A355C8072831A102198113B381A0E8E05D88056344004CAAE09E4FCB51CC4748F6231B75F41352002A2B2BCD2E373D87E967D37D2CC35354540CE2E6BB1EFFCED6419495955BEFAC95CC605902C1B2EEDCB9CB0E0C5256560ABB76ED85BCBC7C76DF49936692F99BECFA9B376FD538EE962D3B6A9C67FAF4D99093935703BEFBF7EF9B54FCF6ED7B2035F50AD4DDCF4B3F3D7E3C81405351EB0DCCC9C987A953E71BD7EDD913038585459C2CDB471FAD81EBD7B3AB015A61F7D68A4AAE81D7962D5BB6C8EA9DF2F36F427C7C222C5AF40F0808E80E4E4E5A888B3B094D9BBAC3DDBB77E1ABAF3640C3864FC273CF3D6B52C94D9A3426EB3642FFFE3D8DC73A712201C68F1F5903F6FDFB8FB220D172F1E265763880AB57AF4166668E61F91FF0DE7B9FC0C89183C0D9D9A9C6CD74776F44BEDF0A183AB4BF4508232276C3AC5953A051A3BFB09FE94068CB97AF862143FA1960DE0FCF3EDBD2D8DDFAFDF73F67C13B79F20CBB6D61E103F23DAE4174F471F2038B81C1837B0BB256CB976F64272A08DECDAB756B2FC8CDCD23D6663C0C1F3E88B5523FFCF023F9152F84E2E21228282884C0C05EE4C6EC8661C3064283064FB0FB797A3685254BE69B9CDBC7A7558DEF9291910D972E5D86C58BE7B19F57AC58037DFAF480BE7D5F80DBB7EFB0D6F2C1832258B972B1F1D874DFB0B0EDD0A28587F1689D3BFF156262E20C2E9761BFE7F4E92F1BB7CFCACA838A8A0A02C5417070706097F5ECD90D22230F19DD645A5A06B46FDF865D47A11A3366608DEF7BE2C429C8CECE17299DA1B856A175430EC5C727C1DFFE369D9D4F4BBB06AEAE3A48484822BF667DEFD3848453E4A61E27BFFE40E232322039F90C5CB8904AAC963BB112AF188FB37DFB5E9837EF6F26C76ED1A29911AA98989FD99B4E818A8CDC0FDBB6ED81B16387132B37A2C635FCFCF34958BFFE5F666F2ADDFFF2E5B46ADFFF37164E1F9F962CA8D412565752D259183020C00815D5C387E5E43BC4D4A8BF0B17AE409B362D456E1028268F65DD45FEFC733C787BB784DDBBF7C3D2A5EFB2AEAF5FBF9E24C8D6C728FDFA05B0EEEAC927FFC2166AE51C1C34D0B8F15326E7A456818EBBA57737FAEF50653D0E1C38C61EB76DDB67584B72E6CC45025410016B9859F746F7D3BBC59A37CED9594BA07EDAB83C39F93CFCF5AF7A57DDA64D6BF0F2F230D92720A033F94E8E56B670C5CA8929DA155AB660972F5F6101193366186B95A83BA3013B9D3F7DFA9CFE0208288F0278F3E73C7F3E15162C984562941818356A88C9FAE3C7E3E1F9E7BB90F33462E17BEBADC56C80BC6AD5871663260A287D8BDBDC7551379697A7FF3E274E24C16BAF0593186B2FFB3935F52AB9A66B2CF8D52DD68B2F06C0A0413D8DC773727232EB0A1B376EF8982B04BBB55A36CABC73FB15D1A67FD7AE1D4D96D1C07CF8F081C6FDE87C7AFA8D5AD300870EC5C2ECD933486B71678DF5FDFB07B0315144442409DC4BE1CB2F97B21669D3A608721373D9BEF9EDDBB7652DD9534F3564F7A5B15D42C2698BDFBD6BD7F6ECB46FDFEEC4FD3D342EF7F57D16FCFCDA9A7C87E1C3FBB356AEFA32EA3A23238FD4B8A64B97D2A0552B0F81E905462D16CBB2BA74E900BFFE9A6852514949A7D918E8E143FD0D8B8C8C36A4114C8F5F5C5C4C5CDC51D25A7B91DD56A7736681A1711875977A0B728585CACDCD955892AB24086F4FACE10976FF56AD9A93166822BCF1C614387BF61271957F319EA355AB16C4C2F4B622C10A86D6E11E36D67AE42A0176EE3C401A0CFE04427F8335AC80EFBFFF17AC5B17415AA28170E34636B1D2F7E958EDAC15CBC8C81121B1AA78B0B805F2149E1B373259289E7BCE8754F05093F5D9D9A660D15FFC7FFF1B027BF7FE009B376F8769D3C6B1CBA74E1D0BAFBFBE80B4EA561B2C481BD68A50FDF24B1239AEE95B42E9E919ACFBA53054E9CA956BC47A75B522536F7A53690BB2410357E3321A73B56FFFAC71CFA347E3D974C2E9D31789959D042D5B7AC0BFFF1D4ADC735FF2434863A15CB264352C5F3E8784010E7601911D64DEADCFC4D31B4B63AC3D7B7E60530393273F6AC69F3F7F89B560B76FFF6972D40E1D9E837FFDEB7D16021F9FD686D400C3BA1CEA3A67CF5E4C2CC3430B0040ADC9D1A3477F65735A7C9F3952374AE3309A9BA2539A36B977AFC0E8FA8F1F4FAA51477FFFFBAB6C5C76EEDC1F04ACA748A3621069E51EE4184FA9E259A1F5A2AE8CEE4B2B9DA61ADAB4F18647E33FF8B296A6FAB22A174ADD238D917AF7EE6EB26EE2C491ECE72B57D28DD64A9F4B6288653C60F27D9B356BCC06F455AD479A41EFD8B11DEB56B98244E7D3D333D9A9B7770BD2E2BC64D20AF4F1F1A203FBB3EB73736FC2BC79D3D9F9975F1E042B567C435C7003630B3639F902690577037FFFF6A4FCD5AED30E728D63CD304CB648A76378ACE7FB809A6B0C25668F0946F2751A4D77C9EFBD9DBC4C21C5F1A4EAB32506485CE10089D7A9348F255DAF494664D8EA93F55224581A81F0F07585D60254DF5CA235D7A1C8042923F3F1B854B2DC164B0A97C8F5E50F55B94210C9927105870F60F666BD40C0F68AB458625A323E0F5BADB56042837B7B014DB5164BCE96A1D2027AFB08D615DC2A943AFD20A67B942BC8570558625B32B15A877202A50EA814E20AF94266CB04AA509767DF50D9182C8D8450327600982D5EF35725585259304622C0A468314AF128C83E5FFF52882BB4953BE4039198E908FB1DD6C8EEDFD2E10FA7ADDCA12D827855832595E5126B3440292D165F2B553FA152982B1433E6126B5037A9037A04CB4690CA9930150A1B9F580DC1B2D3E0DD968029CF4AD911581A0981646C0C9814BD51112C19AD1823607D7D69212258360EDEE574876200A52C2B6563B03432C229B7B512DB7A215836B65C42C685B2A53B549695AA2E59DE8476717166E84879E28C416A7E5CD29A37ABAE314A6B5B6E69595D639E72190FD5D27EF2A8B8B8F43A99942B022C1F1FAFFC848433225B28AEA08909585DC00187CFB5ED27BD0E1D8A3F4F26298A00CBDDBD515C5C5CB284160A386CCB153E3E808195164B7EA0AA1412B29B8EE61BAB08B0AE5DCB5EB571E3B68774C032E1A0F0B1527CAC985480D934964ADFB7EF97CE64BA5311606566E6265656569E5DBB768B1510097187C00324B1E32DDBBBBDC73572E43B87C97DA083682428022CAAECEC9BD3962DFBBA2821214561EED0FE81A28A8DFD6D7754D4093AD4CE3B729CCF51C66BBB555A5A96B8776FECE8BE7DBBE91E0DF26A8B1C96DCE907DB433570E0AC8E0CC3CC261FE394061655DA8307C5A7366FDE3B46ABD53EE8D9B3936BF5815EA5CD8949912CB56FA0684C45DCDFF6254BBE1E60802A4AAE136B6C74C1BE8E8E8EAB5D5D5DBA4E99323C73ECD8419EFDFBFB7BE8742E22A522F86E6379797A7A368486EE8519334682B77773B0D76C39CD53D194026DFDD140DD105351F7775ECEEFA1B1713D7421850E101A480A1D0D4C0728A12A37E4A9620DADBF045B7C090DDE07CE5A46CAC7A0FF0F9A65581D76D22A4421582814828542B05008160A8560A1102C14828542215828040B8560A15008160AC14221582814828542B05008160A8560A1102C14828542215828040B8560A15008160AC14221582814828542B05008160A8560A1102C14828542215828040B8560A15008160AC14221582814828542B05008160A8560A1102C14828542215828040B8560A15008160AC14221582814828542B050F558F867E3E6F53E292BB01ED16289AD14AC02044B0A1D20E52EC76D33B1BA102C6BB4A38EF585D5204421589CB58D635CB505AB0AC1B24671A4DCAA65FD1386F57158550896352A2125CAC2BA62C334929472AC2A04CB5A85D5516F3BB18A102CBEEEB0C0CC7217436B3006AB08C1E2A3723356ABAC5A6B10DD2082C55B072D2C3F825583600911B54CF9D53E3B1B5A8351583508965077186D06B642AC1A044BECD621B606112C5194F0D8E758AC12044B0CD16469AA613E0DB83FA056AD6CD68F886118DDBA756BE69E3C99342D35F5F77667CF9ED3959494E01D1128474747C6DBBBF96D0F0FF7C4DCDC3FBFB87AF5FA31D5801512F2CDACF0F02D5F5EBB96EE3673E66BD0A74F6F08087801743A9D250CCDCCD7B68CCF36CA98D21F674A4A2AC4C525C3A64D3BCB0A0A1E5CCACECE9F46569D5734589B367D13F9E1871F8D5EB46821CC9D3B1BB45AA7DAEC1A47B8D40710D7E9DAB55B60E9D235C5656565938B8ACA76CB6639E5866AE5CACF466FDB1601C1C1C1E0E0E0C8817B8D99DF80C6C294CB6F4823F16FD2BE7A29F7E8D1118282FA3B6DDDBA7F445151C939B2E8B2A2C0A2EE8F58AA0514AA80800033F0982B5CA0D0D40190C64AD0341CA7D67E0FDBA969D3C6307C785F97D0D0C8E1E5E515FBC034E15B7FC1A281FA82050B8E9078CA895AAABAA08A8ADA074B962C85F5EBD7C3CE9DBBC0CDCD0D7C7D7D3902217754A091E93C42E17A1A5C5C9C8B8E1D4BEA56595919A608B0C845CDDFB76FFF88F0F0B06AEEEF7137A72FCB962D87C3876320232303CE9C3903F7EF1740727232DCB891010306BC880D7001EAD5AB8BEBEAD5E14EC5C5A5F120715F7D59C072776FB26ED0A0811E81818116AC955E51515110191909D1D1D12C5824E0847BF7EE414E4E0E01EB3A787A36073FBF0E806F5BF1575656DEE5C4C4736E64F6B094E79125419A9A9ADA8EA614EAFAF5868585B156AABCBC666F948C8C4C983A757ABD0898ED59C1C12FB5209340A9CFA395E36268F293E6A94C53023561C8CDCD85ECEC6C68D6AC191B53E5E5E681CE55074C250341238358F0EA4E4BA06A6F25FA799249134580459376FAE4A739A01E2D63816AE70B5BB76E051F1F1FB3160D4112269DCE4596FB6EC367850C9826F3189831E35516C0860D1BD6D83AE6480CF8FB77ABC7B7545D3F0607F92B96310397BE04058D800E7EED61C0C00150526AFADC70E1C285101A1A62E13862DC3846A6FD18044B4EB8EEDEBD032B56AC840B172E42C8A610D0B9983E376CD9B22559BF8A0DE26BBF51B53DEEA9EBBBD4B63FD7E301C7ED112C09E1D2CF7FFF7D188C1B3701DA92F88ABAC1E6CD9BD7D8AB43870ED0BAF5333071D23408F92E8CC7CD13FB4633F5D022C9F7DDB4F25E94C664BEB0B010DE7A6B0EF83CDB167645EE06AD560B2D5A78C1CC993361D4A851D0B1634776EBB4B4349AB28077DF5B0453A74F87251F2C86B55F6F84B973DEE069ADD422DB5DBF0D5CA1FE62D3D3D3494C351AA64D9F01EF2D7A9F858AAA53A74EB0E3A79FA059734F38959C0C098927C19358B0F0AD116CAB916EF7D9AACF21F9D469F871DB2E8E1059DB33C0D6007075AB5CAF43FEEBB299C51A362C88B552AD5AB5AEB125758713264CACF5685FAD59032349B03F69E2CB50777F2DA1B1A05010AD05A53EBB5B1B5B2CFA68C6D1913FD755164E78274046448B637F964325E9864715DEB97347484A4C34AE0DDFBC99D3512C6FC770044D281C283B6E1532D0BD7B373877EEAC71E9962DE19CF6AEB91D53075462C1C3775F6BD3210C82C5DF620101CB1F7E4BFE4DA20098E10984106B251418BEF934BE53C504EFA615E6EEFE345CBC7801860F1BC27ECECFCB33CED7A6EADBA5A55DADE306F2810944064E9DD2CA0D945EFAD66166E61F1234C9F904F47C21B2D63AA807501B2648C5CAF98801955C6E526C40C53A7FBD77858F5FA04640A5586BB1A4B25E72A61A189981AC77164BC885F2C9528B059A9034065F18D0150AB03E1A01EE838FC592CB4D3222FC80EA2780360DDEADB35C8C00B8C4828AAFD5020921517DBA41AEE05D4EEB25E406F3496BD41F376907AE50C3B3352336605C9789DD5264785C2BDFF486AA5C2123004ABEE907BEA071BDA9623E3A0201D0DA2EED6083CCBB181768ADB5921A2A90601BA1D64A95C1BB18AD423E40890915C8089C980D044507EF422C182302605205F77C5A8E623E42C2E05DC263094D4188D562E49B1393329D211F8036E836C300BF675DB5ED6FBAFC9FFFFC02727272D9CF2929E7213A3A8694C3EC74EDDA10B87E3D835D57595969DCEFD0A15838793219BEFF3E0222230F90B2DF500EC0ECD9EF5BBC791B366C86BCBC9BB5DEC0575F5D408E7D1A4A4A4A61F2E479505E5EC12E1F336696615E59D6CA86C1BB14B92C30C2F2D4530DC1D3B319FBD9CFAF1DB46FDFD6B8C5BBEF2E83060D9E60E79393CF4046461684866E83A953C74256560ED9B711B9E143E0F5D7DF856FBFFD823DC6BE7D31C6739E3D7B09D2D2AE1B8F47CFB7766D28F8FBFB19979D397311C68F1F41CEDB86FDECECEC042FBCD0851D3D67D0A0DEA0D53AB2C76BD2E46932EF2052ABD2BE32F5DAFA0112F7E31E3D7A0266CC98442CD031B87DFB4F6221C61AB7A1D62B30B017346EDC885DF6FCF35D48E94CF68983891347C38913272133331B0A0B1FB09684BE9EF6F8390E1D3A4EE07CD3B89C5AA27BF7EEC3E0C1FDD8CFD42AE5E7DF62A14A4E3E47AC6316A4A767C2D2A5FF065F5F1F89E332C686F7C1E6AE504C776AFA2BCFCBCB67DDD9FEFD4758C0264F7EF4060F8565D3A670D67A98AB64BA2FFD7CF9F25548484866DD5B42C26FEC7C95A80B0D0A1A48A699ACF5292B7B0857AEA483838383F1F38103C7E1E597F51D11FDFD3BC2D8B143C0DBDB8BB8E77788151B0E050585649B9F895B8E65B7CFCACA23D0FD870552BC96A2EDDDA5CD7A904A711C57571D74EEDC81B8C1A6D0A347571368BEFB2E02BEF862197B63274F9E05EBD6AD6401494B4B675DDB7FFEF30DB46DEB43F66F4FDC555FD8B66D0F99F661F7A7F3F47CAD5B7BB1007DF0C1673060402F76DDB973A9C4CA3DC92EA7DAB4E9C76A6ED1F43B565656406EEE2D763D758305050FC8B96F106BD7C710EF81C41029B6DB0CD71C16BF5CD6934F36807EFD02E0C285DF09042DD8E5D1D147D86194162F9EC77ED6E99E868F3F5E004545C5D0A54B7BB61C3DFA0BAC5CF901B124C72036369EDD2E3D3D830DDCABE2A8EAE779EEB967C8797AB0F3376FDE6641EED54B3F12CEEEDD87A0654B4FE3B614380A4F44C41E02634F02AF37F4EDDB9D5DD7B87143E3BC78DDA8EDC36AD9307817F22B32BF0FB5083366CC2396A61F1B5F75EDEA075E5E1EACBBFAE69BCDEC48812E2ECEF0FBEF5761D5AA0F6BB8E8175EE8C6C64AD4B5EDDB77840DE2A9468D7AC9E406656464C3E9D3178C00D218CBD5D5C5601D6FC1A331D6C3E0C68D6CD6924E9E3C92757DE27636E413B0336AB158E21D9302B171E3E7C4CD3466D7A5A65E814E9DDAB32526E66736CE1A3366A8C9BE749BA4A414D8B26517B469E30D172F5E665B9534E08E8C3CC88273E7CE3D58BEFCEFC656E7C387E5505A5ACAEE4F61A5A5B4B4CCB89E1607070DBCF1C66436A67BFDF5C575C271FBF61D43A382AFF5123B2756AFC1D28808A47EBB3B77EE124876B270540FDECD1D6FC58AFFC2134FB8C19123DB0C2908864D0B50E92DD6E01A56ADB8B898B42C03882B7CC1D060B809CD9B3783DEBDFD0D017E16543D657076D65AC7695AC20000092A49444154BCA93939374DBE5352D239183AB42F88FF584875792CF17359D445AD5DFB1D6965CD67AD16B5247AEBE160024774F45178FEF94E24EE9A5B2DFF5561D8AEA645898E3E061D3BB66363270AECD0A1FD8DDBD07D685EAAAAB53973E678E37E346541D755C568376FFE09070F9E20C17E0ECC9A3589758D741B1AA7A5A5658034AFA7A9E259A1B4C7A6377ECD9A7F566B0DDE84E4E4B3C6711E9C9D9DD960BE2AE8A62DB32AC5C7274376761E3839E9B71D3CB8AF3178A7AE8FC2503D28AF123D0685CDDCCDA4406DD8B00DFEF297270C09D1A760DCB8213071E23076FDECD953202C6C17FBFD02037B48008AED02783B79082D26A08FD6B768E1C1162E0FA87BF7EE6E715D6DF334936E691BEA0A67CD9A6C5C46AD5A1554FAC64227B608FF032AFBC85DD9D01532321E4FAA3E5B5CB693E3553431D6611E4BC0F1ADE961CA1736293A11D66FEB6507AE50ECB77AC5E8AF251560524165CD75A02B940032A9BB348B0D1D57D7C6F5E50F55B94210C9927105870F60F666BD40C0F6AAC863890D9150772806506206F16207F9AAB35872B60C9516D0DB5FAA4161AD42A9D30F62BA47B9827C558025B62513AB75282750EA804A21AE902F64B64CA00A7579F60D958DC1D2480825630780D9E2357F55822595056324024C8A16A3148F8254FFFA1763E3E34B61ADF84024663AC27E8735B201581A99E0B4953BB44510AF6AB0A4B25C628D0628A5C5E26BA5EA27540A738562C65C620DEA2675408F60D908523913A64261E313AB2158761ABCDB1230E559293B024B2321908C8D0193A2372A8225A3156304ACAF2F2D4404CBC6C1BB9CEE500CA09465A56C0C96464638E5B656625B2F04CBC6964BC8B850B67487CAB252D525CBF8582E2ECE0C1DF1C5FCF85662147310581E47ABEEE59696D5B60DD4B10EEAD84F1E151797D2E108CB1501968F8F577E42C219912D1457D0C404AC2EE080C3E7DAF6935E870EC59F2793144580E5EEDE282E2E2E59420B051CB6E53E38AEF5808195164B7EA0AA1412B2FB3E99C42A02AC6BD7B2576DDCB8ED211DA44338287CAC141F2B261560368DA5D2F7EDFBA53399EE5404589999B98995959567D7AEDD62054442DC21F00049EC78CBF66EEF718D1CF9CE61721FB2C96C8222C0A2CACEBE396DD9B2AF8B12125214E60EED1F28AAD8D8DF7647459D184966DF91E37C8E325EDBADD2D2B2C4BD7B6347F7EDDB4D478770B45D0E4BEEF483EDA11A38705647866166938F714A038B2AEDC183E2539B37EF1DA3D56A1FF4ECD9C9950EA9284F4E4C8A64A97D0345632AE2FEB62F59F2F500035451729D5863A30BF67574745CEDEAEAD275CA94E19963C70EF2ECDFDFDF43A773112915C1771BCBCBD3D3B32134742FCC983112BCBD9B83BD66CB699E8AA61468EB8F06EA86988ABABFF3727E0F8D8DEB810EF8398E944052E8C8673A400955B9214F156B68FD25D8E24B68F03E70D632523E2665B9611E650FAD4214828542215828040B8560A15008160AC14221582814828542B05008160A8560A1102C14828542215828040B8560A15008160AC14221582814828542B05008160A8560A1102C14828542215828040B8560A15008160AC14221582814828542B05008160A8560A1102C14828542215828040B8560A15008160AC14221582814828542B05008160A8560A1102C14828542215828040B558F857F366E5EEF93B202EB112D96D84AC12A40B0A4D001520A386E9B89D5856059A31D75ACAFA806210AC1E2ACAD75AC7F68986EC1AA42B0AC511C29776A59AF23E596613B1482C55925A4445B585769984692528E55856059AB4D75C4573BB18A102CBEEEB0C8CC7227436B3006AB08C1E223EAE6422DB8C103E806112C21DA6F01AC2358350896101D30B4FEAAA4357C8EC2AA41B084BAC38366602BC4AA41B0C46E1D626B10C11245098F7D8EC52AA95DD8DDC3B2BC4819434A7F52BA90E263F82132A45C077D0F885F48F911F0413482C54114A6390E0E0EFD2A2B2B9D39EE432D580829E1587D08D6E3F2D668341B18861922E01834A1FA7FA45C41B05054931C1D1DD75554543C65CC2968B53068D02018376E1C04040480878707B8BBBBC3DDBB772137371752525260E7CE9D10151505252525D58F455B8B6FA9DD7A21580041C45245124BE55805D4FCF9F361CE9C39E0EDED5DE7CE14B22FBFFC12BEFAEA2B282F3749C4BF0E969F3522584AB75404AAF02AA87C7D7D61FBF6EDE0E7E767F581CE9F3F0F93274F66A7D5345DAD96CB51CD3115717F7B4880EE463FF4E9D3070E1E3CC8C94A9953D3A64D61CA9429909C9C0C696969558B0793F2139866EE112C459B6A8D660781AA7D95A5A250D1184A88743A1D8C1A350AF6EDDB07F9F9F97491B32155F1BDDAEA57AD09D231C4FD0DAC8AA9A8FB130A55951A356A04111111EC710DEA43CA34044B1D9A53354303753E31556DA2C77BF7DD77AB2F7A13C152BEBC881B7CB1CA5ABDFDF6DB929C841E97BAC66A56CB1BC152BE1B6463CBA14387829797972427A179AFA0A0A0EA8B82112C65AB7FD50C4D7E4AA9C78EDF1FC152B6BA54CD74EFDE5DDA1375E962F6BC089632E551DD5D497A22D3E3BB2358CA5603E39D7697F65ED3D44335E9102C65CBD8A5F8D62D6913E2F4817535952058CA56AE71263757DA13991EFF1682A56C19C7BE3A75EA94B4274A49317B5E044B993A5E3543FB5349A9C78E7F1CC152B68C03791C3870003233A5E9AE4EDDE0DEBD7B996A8B762058CA16252996CED08E79AB57AF96E424F4B8A5A5A555FDDD6897E574044BF9FABA6A86F6FC7CAC739E60D1E37DFEF9E7D5ADD546B555B05AC18AAC6EB5C68F1F2F5AEA81A618264C98504154DD5AFDA8B60A56730F521A4CD37E526E14AAF8F878B6939E9B9B9B20A882838399C4C4C4AA1F2CCD998D24251FC1528F68F63203F4EF113ADCB8718306DB101818C87633E6E3FE860E1D5A510D2AAA99A41C5563E5AA192C9607035CB47F8B03B55CDF7EFB2D14141440A74E9DA04183069C5A7F9F7EFA29BCF2CA2B4C7E7E7E75A81693B24EAD158BAF7FE9358994F5A4181FEED14E80B4BF16EDFA427B41987BAF70F7EEDDB067CF9ECAA2A2A2EA4051F7F7FFA0E6806D08964AE54DCAB7A40C12700C1AA8D3F70953D55E9908564DD19E9EB48F7A20E80759E30A54D5D80D387C248255ABBC0C90F52685F608A49DAB68D717DA4B81E626520C2D4B9A514FC7EA42A15028140A8542A15028140A8542A15028140A8542A15028140A8542A15028140A8542A15028140A8542A15028543DD0FF07FCA49F9E3A1F60520000000049454E44AE426082, null);
INSERT INTO `act_ge_bytearray` VALUES ('17525', '1', '客户审批流程.bpmn20.xml', '17524', 0x3C3F786D6C2076657273696F6E3D22312E302220656E636F64696E673D225554462D38223F3E0A3C646566696E6974696F6E7320786D6C6E733D22687474703A2F2F7777772E6F6D672E6F72672F737065632F42504D4E2F32303130303532342F4D4F44454C2220786D6C6E733A7873693D22687474703A2F2F7777772E77332E6F72672F323030312F584D4C536368656D612D696E7374616E63652220786D6C6E733A7873643D22687474703A2F2F7777772E77332E6F72672F323030312F584D4C536368656D612220786D6C6E733A61637469766974693D22687474703A2F2F61637469766974692E6F72672F62706D6E2220786D6C6E733A62706D6E64693D22687474703A2F2F7777772E6F6D672E6F72672F737065632F42504D4E2F32303130303532342F44492220786D6C6E733A6F6D6764633D22687474703A2F2F7777772E6F6D672E6F72672F737065632F44442F32303130303532342F44432220786D6C6E733A6F6D6764693D22687474703A2F2F7777772E6F6D672E6F72672F737065632F44442F32303130303532342F44492220747970654C616E67756167653D22687474703A2F2F7777772E77332E6F72672F323030312F584D4C536368656D61222065787072657373696F6E4C616E67756167653D22687474703A2F2F7777772E77332E6F72672F313939392F585061746822207461726765744E616D6573706163653D22687474703A2F2F7777772E61637469766974692E6F72672F70726F63657373646566223E0A20203C70726F636573732069643D22437573746F6D6572466C6F7722206E616D653D22E5AEA2E688B7E5AEA1E689B9E8B7AFE7A88B2220697345786563757461626C653D2274727565223E0A202020203C657874656E73696F6E456C656D656E74733E0A2020202020203C61637469766974693A657865637574696F6E4C697374656E6572206576656E743D22656E642220636C6173733D226F72672E73736D2E63726D3532302E7574696C2E50726F63657373456E644C697374656E6572223E3C2F61637469766974693A657865637574696F6E4C697374656E65723E0A202020203C2F657874656E73696F6E456C656D656E74733E0A202020203C73746172744576656E742069643D227369642D37383433373533392D354335372D344244422D383034422D363036363835314143333545223E3C2F73746172744576656E743E0A202020203C757365725461736B2069643D227369642D43454545304431462D443741342D344542452D423834432D36324342304135373944414322206E616D653D22E7A1AEE8AEA4E5AEA2E688B7E4BFA1E681AF222061637469766974693A61737369676E65653D22247B73656C6C65727D222061637469766974693A666F726D4B65793D2273686F77436F6E6669726D496E666F466F726D223E3C2F757365725461736B3E0A202020203C73657175656E6365466C6F772069643D227369642D42434646453232422D313642322D344543332D383034372D3546313430383343344131462220736F757263655265663D227369642D37383433373533392D354335372D344244422D383034422D36303636383531414333354522207461726765745265663D227369642D43454545304431462D443741342D344542452D423834432D363243423041353739444143223E3C2F73657175656E6365466C6F773E0A202020203C757365725461736B2069643D227369642D35303446364346352D384635392D344330342D394243332D46303734413531423133354522206E616D653D22E7BB8FE79086E5AEA1E689B9222061637469766974693A666F726D4B65793D2273686F774D616E61676572436F6E6669726D466F726D223E0A2020202020203C657874656E73696F6E456C656D656E74733E0A20202020202020203C61637469766974693A7461736B4C697374656E6572206576656E743D226372656174652220636C6173733D226F72672E73736D2E63726D3532302E7574696C2E4D616E6167657248616E6465724C697374656E6572223E3C2F61637469766974693A7461736B4C697374656E65723E0A2020202020203C2F657874656E73696F6E456C656D656E74733E0A202020203C2F757365725461736B3E0A202020203C656E644576656E742069643D227369642D46364438423331312D383532462D343244322D383735382D303534313046434444363937223E3C2F656E644576656E743E0A202020203C73657175656E6365466C6F772069643D227369642D46373041393441302D374544322D343338342D423445432D3344384441383430433833412220736F757263655265663D227369642D35303446364346352D384635392D344330342D394243332D46303734413531423133354522207461726765745265663D227369642D46364438423331312D383532462D343244322D383735382D303534313046434444363937223E3C2F73657175656E6365466C6F773E0A202020203C73657175656E6365466C6F772069643D227369642D30434232443933372D373542432D343743352D394535312D4135393136384132393637372220736F757263655265663D227369642D43454545304431462D443741342D344542452D423834432D36324342304135373944414322207461726765745265663D227369642D35303446364346352D384635392D344330342D394243332D463037344135314231333545223E3C2F73657175656E6365466C6F773E0A20203C2F70726F636573733E0A20203C62706D6E64693A42504D4E4469616772616D2069643D2242504D4E4469616772616D5F437573746F6D6572466C6F77223E0A202020203C62706D6E64693A42504D4E506C616E652062706D6E456C656D656E743D22437573746F6D6572466C6F77222069643D2242504D4E506C616E655F437573746F6D6572466C6F77223E0A2020202020203C62706D6E64693A42504D4E53686170652062706D6E456C656D656E743D227369642D37383433373533392D354335372D344244422D383034422D363036363835314143333545222069643D2242504D4E53686170655F7369642D37383433373533392D354335372D344244422D383034422D363036363835314143333545223E0A20202020202020203C6F6D6764633A426F756E6473206865696768743D2233302E30222077696474683D2233302E302220783D223239302E302220793D2233302E30223E3C2F6F6D6764633A426F756E64733E0A2020202020203C2F62706D6E64693A42504D4E53686170653E0A2020202020203C62706D6E64693A42504D4E53686170652062706D6E456C656D656E743D227369642D43454545304431462D443741342D344542452D423834432D363243423041353739444143222069643D2242504D4E53686170655F7369642D43454545304431462D443741342D344542452D423834432D363243423041353739444143223E0A20202020202020203C6F6D6764633A426F756E6473206865696768743D2238302E30222077696474683D223130302E302220783D223235352E302220793D223130352E30223E3C2F6F6D6764633A426F756E64733E0A2020202020203C2F62706D6E64693A42504D4E53686170653E0A2020202020203C62706D6E64693A42504D4E53686170652062706D6E456C656D656E743D227369642D35303446364346352D384635392D344330342D394243332D463037344135314231333545222069643D2242504D4E53686170655F7369642D35303446364346352D384635392D344330342D394243332D463037344135314231333545223E0A20202020202020203C6F6D6764633A426F756E6473206865696768743D2238302E30222077696474683D223130302E302220783D223235352E302220793D223235352E30223E3C2F6F6D6764633A426F756E64733E0A2020202020203C2F62706D6E64693A42504D4E53686170653E0A2020202020203C62706D6E64693A42504D4E53686170652062706D6E456C656D656E743D227369642D46364438423331312D383532462D343244322D383735382D303534313046434444363937222069643D2242504D4E53686170655F7369642D46364438423331312D383532462D343244322D383735382D303534313046434444363937223E0A20202020202020203C6F6D6764633A426F756E6473206865696768743D2232382E30222077696474683D2232382E302220783D223239312E302220793D223430352E30223E3C2F6F6D6764633A426F756E64733E0A2020202020203C2F62706D6E64693A42504D4E53686170653E0A2020202020203C62706D6E64693A42504D4E456467652062706D6E456C656D656E743D227369642D30434232443933372D373542432D343743352D394535312D413539313638413239363737222069643D2242504D4E456467655F7369642D30434232443933372D373542432D343743352D394535312D413539313638413239363737223E0A20202020202020203C6F6D6764693A776179706F696E7420783D223330352E302220793D223138352E30223E3C2F6F6D6764693A776179706F696E743E0A20202020202020203C6F6D6764693A776179706F696E7420783D223330352E302220793D223235352E30223E3C2F6F6D6764693A776179706F696E743E0A2020202020203C2F62706D6E64693A42504D4E456467653E0A2020202020203C62706D6E64693A42504D4E456467652062706D6E456C656D656E743D227369642D46373041393441302D374544322D343338342D423445432D334438444138343043383341222069643D2242504D4E456467655F7369642D46373041393441302D374544322D343338342D423445432D334438444138343043383341223E0A20202020202020203C6F6D6764693A776179706F696E7420783D223330352E302220793D223333352E30223E3C2F6F6D6764693A776179706F696E743E0A20202020202020203C6F6D6764693A776179706F696E7420783D223330352E302220793D223430352E30223E3C2F6F6D6764693A776179706F696E743E0A2020202020203C2F62706D6E64693A42504D4E456467653E0A2020202020203C62706D6E64693A42504D4E456467652062706D6E456C656D656E743D227369642D42434646453232422D313642322D344543332D383034372D354631343038334334413146222069643D2242504D4E456467655F7369642D42434646453232422D313642322D344543332D383034372D354631343038334334413146223E0A20202020202020203C6F6D6764693A776179706F696E7420783D223330352E302220793D2236302E30223E3C2F6F6D6764693A776179706F696E743E0A20202020202020203C6F6D6764693A776179706F696E7420783D223330352E302220793D223130352E30223E3C2F6F6D6764693A776179706F696E743E0A2020202020203C2F62706D6E64693A42504D4E456467653E0A202020203C2F62706D6E64693A42504D4E506C616E653E0A20203C2F62706D6E64693A42504D4E4469616772616D3E0A3C2F646566696E6974696F6E733E, '0');
INSERT INTO `act_ge_bytearray` VALUES ('17526', '1', '客户审批流程.CustomerFlow.png', '17524', 0x89504E470D0A1A0A0000000D4948445200000073000001A20806000000D456F9D8000011EF4944415478DAED9D0D6C54D5B6C74D84F012620889C410AF1172898F106388D12021240D0951220613817E50A1C1C6AA0FB1428978911451624185A8D7DC681A45D2879734A4F6F6F5958FD22F2C25149BD25B3E1EBDB4D4B6B494DB576B2DA516D9EFFCCFEB997B3A9D29FD9AE99CFAFB272BDD73CE9E3333EBB7D75AFBEC39677ACF3D0821841042C87B32C6FC5B555555D237DF7C539C9696D6B171E3C6DE84840413131363E2E3E3EFBCFAEAAB3DDBB66DABDDBD7B778665FF8EC72214E2E1C3870FBCF7DE7BBDC9C9C9E68B2FBE30A74F9F364D4D4DA6BBBBDB48FADBDADA6A7EF8E10763C1366FBCF1C69D37DF7CF3EACB2FBF9C8807234416B4F5EFBFFFFEAD2D5BB6D8A06EDFBE6D86AACACA4AB375EBD6DB4949491757AD5A35076F8E5F344ECACECE2E78E595574C4E4ECEB020FAEBC8912366FDFAF53789D2710259545474E6F5D75F37972F5F3663A1AB57AF1A6B60DC4C4C4CFC0F3C1C462922055235702CA5E359D1D9191B1B1B8F97C35423955AC72A220345E8DAB56BDB2DA073F1768867AD3B77EEEC518D0CA57273736FAE59B3A60C8F8750595959FFA959EBAFBFFE6A42ADD75E7BAD85741BC2A8D479A44E3FC2A173E7CEF5109D2192567634E919CD29C870659DAEB4C4C4C4CCC2FB632C2DD1A5A7A79B706ADFBE7D9516CC14BC3FC6D25AAB96E8C2A953A74E5DB560E6E0FD319616CD9B9B9BC30AB3A5A5A5D582D980F7C758FAF6C359340F97F47A16CC6EBC3FC6D2D758E321BD2EDE1F63AD5BB7EE4EB823F3E6CD9B2D446608649D96F484BB665EBB76ED7FA89921D0F6EDDB6BC23D9B3D7AF4E87F339B0D813EFCF0C3F4709F67A6A6A6E6729E1902BDF3CE3B7FDCB061C36F615C01EA8E8B8BBBC20A5088B469D3A67F846B6DD64AB11916C893783D447AE9A597566DDEBCB9370CD1D96E456505DF9A845849494955A1FE3E53F5595119151535098F8776F160962EBE0AD59506555555D9D66B3473A54198141F1FBFC68AD0AEB1BE06A8B1B1F17B2BBDD6935EC3AC356BD6ACD7C5576315A18A48818C8E8EDE8A77C74196E363AC28EDF8EEBBEF7E19C5A4A8FDE38F3FFE5AA9D5B204BC3ACE35D48AA81356DA6DA9A8A8B8399CF3C863C78E7D6B0D86724D76A891910575A5A0262424B4A6A5A59DFFFEFBEFEB9B9A9A9A9DC5792D9A6BAD353F3FFFBF76ECD89167A5E95A415434326B8DDC5AFA072BCA922D489996D5E95B0F7D8DD5F7B7416BAD5AA26365C7BB51CB7792C044C044C044C00426022602260226022630113011301130113081898089808980094C044C044C044C044C602260226022602260021301130113011398C85BE072FA6E7B1FCCCAF19437603E6159EF6030A3A3A397E329EF00CD1B046619BF2EE2BDE80C08333636F6793C34316A67395139416A27B5D2C3B2E06511951307E653AE5AF90C1E9920B593A89C4033DBDFBD238C31936A6B6B334F9F3EFDDB891327CCF1E3C7B1305B7E7EBE292929F9A765A3FB756A813C79F2A4FD2FEF7B7A7AB071B21B376E98E2E2E20E0BECCA11C3544402326280F658917A71C430955A7164E49805B377C43095B3716244C1342187F9CB4FCDA6B6FC6B733E7FA76D6A6B1B003C06B3B3BDC9541FDD6ECEE56EE967DAA67D40F010CC86F37F1B00D2B1C6F33940F012CC8B85BB83C2D43E20780866F5F11D41616A1F1080898D074CCD5E83C1D43E207808664DE99F83C2D43E207808665B5395A93E963A30C55ADBB40F081E5B34A83B7B60004C6D0380D760DEBA656A4EFD65608AB5B6691F103C02532B3C974B3F0B5A33B58F55A0488769455C734D81F9FB913F0505E998FAA82F511A8130EF168D44A987600E251A078B52A04410CC9182740C28117E6A82011303263081094C6002130326064C600213981830316062C00426308189011303263081094C600213FBFDC03C78F0A099316346D0FD959595FD1E777575E90318FD1ED160C7EDEEEEB6FBAD5EBD7AC8EF252B2BCBCC9C39F3AEFD74DCAFBEFACA6E97959599ECECEC41DF87FB797A0DB51B1B1BFBEDF314CC969616939999693B2B2323C3FE60DAA6BFE9E9E9B673D4BE74E952BFE71D3A74C8DEDEDEDEFEFFD7E97676DA8F0F1F3E1C10861CEB985E47AF979C9C6C3FD673F45C39D23D38AE5CB9D2CFE1C78E1DB3DB858585031C7EE6CC19BB8FFEB6B5B5D9A6C767CF9E3575757576BBDF8D547DFBF5B33B151515A6A6A6C6366D7BF6D967BD1D99EED1A9F6E79F7FEE6BD7D7D7FBA0F947981CA1C71D1D1DF6630D8C40FDE454A7FDEEBBEFFA8009E07DF7DD67F6ECD9D3EF79CEF1962C59621213137D969797676F3F70E0C080F7AF6CA1F7E3C0F4B740C75FB870A159BB76AD6D1A58DA969292E25D98CE286D6868B0C129BD2E58B0C05CB870C11795FE235BFB04C379AC28529F40A9CDE9278853A74E35DBB66DF339EED1471F0D7C7F4C5FA4073A9EB62BBA7D77855757FB52FCB56BD76C404F3FFD743F408AE6A11C7FF2E4C9E685175EF02ECC69D3A699D9B367DBA9F381071EB03FE0638F3DE6FBC072900353D014C17ABC6BD72EDF311CA739911AE835929292EC63EEDDBBD73CFCF0C366E3C68DC16F76EA7B6D814F4B4BF399930A7372FEF50B29DAEE649040C7126445E2DD22DF897ACF46A6E3B4458B16D91F66F1E2C536ACE9D3A7DB0ED3BEDCDCDC0191E9D454F763F5733BD9F7B33556C4AB0EDBF788F6D52FC1FCE8A38F8202D076F5D34426500D7667089500F5555B695B9F65D9B265BEF4A91AE87E8E3B1BA9AF7F9A552DF7244C8D74415CB16285FD372A2ACA8E50C17426264E24FAC35414969696DA0E749CE99EA8F84F5094BE15F1FAF5473953E951AFA7E72872DD60957EE7CF9F3FAC9AEFD46BB5972E5DDA0F907F2D57EAAFAAAAB23FBFEAEFBDF7DEEBABF1EEF2E1B9342B884F3EF9A4FDA19CD9AB261381D2ACDB7902A0D9A01C3567CE1C7BBBD2B4A2DB1DF99AB92A3AF59CFDFBF7DBC7FBECB3CF7CC71554F5F33FBE4E8F460AD30D4F8F3540DD209D19B603517D54423451D36074CFD43D05531F4A001419CE444669F16E30E7CE9D6B7FF02953A60CD8376FDEBC800EF73F750914351A5CFE6971B8303538834D809C59ACF66926ED7F1C67C2379CC1143130DD23D0A97DCE0896F33539F29F75EA3902E9BF78E09C78FB478373ECD4D4D4019319A560777DF51F384385E90C14B595FEDDFB8A8B8BFFF5DB0E56DD76EAE6860D1BECF42F5369D12CDEB38B06186BB3183081094C6062C0C48089011398C00426064C0C98C004263081094C0C98183081094C6062C0C48089011398C00426064C0C98C01C394CDDBC831323C6BA2D98BD2386595252D2DCDADA8A2323C09A9A9AFE6AC1BC3862980505052B8A8A8A7EBA7EFDFA4D1C3A7E112990F9F9F9F596ADBC6734B20EB0DC1A11E50A71E56C2F5A4C4C8CF1EA7BEFF3FBC551839C28124CBC004C044C044C044C6022602260226022600213011301130113011398089808980898C044C044C044C044C00426022602260226022630113011301130818980898089808980094C044C044C044C044C6022602260226002130113011301130113980898089808980898C044C044A10297237877B1723CE50D984F58D63B18CCE8E8E8E578CA3B40F306815916151535092F792B3A03C28C8D8D7D1E0F4D8CDA594E544E90DA49ADF4B02C785944E5C481F994AB563E83472648ED242A27D0CCF677EF0863CCA4DADADACCD3A74FFF76E2C4092FFF4775CF5A7E7EBE292929F9A765F1A3822990274F9E34ADADADA6A7A7071B27BB71E386292E2EEEB0C0AE1C314C4524202306688F15A917470C53A91547468E59307B470C53391B2746144C137298BFFCD46C6ACBBF36E7F377DAA6B6B601C063303BDB9B4CF5D1EDE65CEE967EA66DDA07040FC16C38FFB701201D6B3C9F03042FC1BC58B83B284CED03828760561FDF1114A6F6010198D878C0D4EC35184CED03828760D694FE39284CED03828760B6355599EA63A90353ACB54DFB80E0B14583BAB30706C0D43600780DE6AD5BA6E6D45F06A6586B9BF601C12330B5C273B9F4B3A03553FB58058A749856C435D71498BF1FF95350908EA98FFA12A51108F36ED148947A08E650A271B028054A04C11C2948C78012E1A72618303160021398C0042630316062C0042630818901130326064C6002139818303160021398C00426303160CA2A2A2AF4664D575797696B6BF3D9850B174C5959D9E0B748D4D5F57BDCDEDE6E2E5DBA14B4BF5EE7934F3E19F498EA939292E26BE7E4E4F8DA67CE9C01E6DD9CF7F6DB6FDBEDD2D252FBC78C0453DB57AF5EEDEB77EDDA3593919161162E5C680E1C3860BEFCF24BBB4F565696FD373131D1646666FA06869E535C5C6CB2B3B3CDDAB56BEDBF0F3EF8A059B06081DD961D3E7CD8CC9E3D7BC0FB494F4FF7B50F1E3C38A00DCC41A2D23F6A66CC9861162D5A1414BE4038EDCACA4AFBEFFEFDFB4D7D7DBDDD16F84000A64C9962D2D2D27C8F274F9EEC1B4857AE5CB18FABE74445459943870ED96D6508E758555555E6ECD9B3C0F43739CF71F6BC79F3CC92254BECED8A3AB5F577EAD4A9A6A1A12120CCCECE4EBBAD687547E6CC99337D7D3B3A3AEC0123B83227EAD4563A76F70D1699D3A74FB72358EDBCBC3CFBAF1E03D3658A2245464D4D8DED20C19D366D9AD9BB77AFAF8FA240FBF49E04CF49A34AB18A62B59D94AC41E100730F003DD6C070E0EB186AAB166AB00482F9C8238FF85EDBA9DB6ACF9F3F9F341BCC5A5A5A6C27A94E0A846A9D1CED586E6EAE0D7DB034EB00565D54BBB0B070407FA56C2785AE5FBFDE6E2B2A57AC58E1EBA71F7F8C8B8BF30D1EF7F19DB6522F3003587777B7ED20D531A54AA5BDB7DE7ACBAE4B4E0D1460CD50FDE1288A0559C770D7460D8A40F0DD409C81A094A94CE0F47366D3FE931EF773F5DE9CD70466CFC09FE174DA9AC8B8E1048A02A53CED7BEEB9E7EC898952A513718A4CD53245983F4CD560FFC8BCFFFEFB4D7272F25D6BA64E4734CB56DB996055575703D3FF1C518E79E8A187ECC8748375C354BBB1B1D1AE836A07FAD54DFF6852FFBBCD84030D2C0796A2D1C91CEED9B633FB76CE438119E4A4FFF1C71FF79D032AC29C73C1C58B170F583C50ADD56464D9B265761FFD8477424282DDD679A852683098CE224020D33EF7A4C70D5EFB962E5D6ABF66B0C1C2725E182DDCF50E98183081094C6062C0C480094C60021398C0C48089011398C00426064C0C98183081094C6062C0C48089011398C00426064C0C98C01C8E02DDCB818D9B755B307B470CB3A4A4A4B9B5B515474680353535FDD5827971C4300B0A0A56141515FD74FDFAF59B3874FC225220F3F3F3EB2D5B79CF68641D60B93522CA15E2CAD95E34DD19E6D5F7DEE7F78BA30639512498780198089808980898C044C044C044C044C00426022602260226022630113011301130818980898089808980094C044C044C044C044C6022602260226002130113011301130113980898089808980898C044C044C044C0042602260226022602263011301130113011308189808942052E47F0EE62E578CA1B309FB0AC773098D1D1D1CBF1947780E60D02B32C2A2A6A125EF256740684191B1BFB3C1E9A18B5B39CA89C20B5935AE96159F0B288CA8903F32957AD7C068F4C90DA49547A506BD6ACF98315911B2C809996D558D6D5179DDD96D5F5A5DE14F5C35B112A9D725876DCB29E21AC00395668F58FC77B9193466759408E0C0360203BB96AD5AA3978737C273831717171FFEB0663A54FF3C1071F98828202F3E38F3F9A9F7FFED9485D5D5DA6A9A9C99496969A7DFBF699175F7CD11F6827513A7E20975BCEBFED86989191615A5B5BCD50D4DEDE6EF7D7F3FC568812F16E9823D20D72D3A64D76148E447ADE962D5BFC8112A1E1AA91EED49A9A9AEA4BA5239552F0AE5DBBFC53EE5CBC1D625920F3DD11395A906EA07E117A126F87F8F4C35D23479A5A074BB9EE1A4ABA0D2DCCE38EA335790985BEFDF65BA2331C2B3BCEA447D1D3D6D61612989AE5FA9DB6CCC2FB633F83DDE03878CF9E3D2694D279A80B660ADE1FFB596CA6E3E0A2A2A290C2D4C2820B660EDE1F7B98358E83C77AE2E32FAD14B96036E0FDB187D9E93878AC4E47063B4D71C1ECC6FB630FD3E7E070C8FD7A789FC844D44C66B3CC6639CFE43C73DC56809CEB6043BD02141F1F7F871520D666D1306086FC5B93B8B8B83B7C6B12BE895061A8BECFDCBC79F36D775472AD6DE861CEB2EC4608AE34B8C39506E333B38D71DF1434DA6B80FC2292F43A0E119AE006EA5C9DA7D9E85067AD9AECB86B64DF9D625BF1EE3845A865EDFED7CDEA3C540B0BC1AE9BFDF4D34FCDBA75EB7EF3BF6E560304AF8E730D759FB28CF48A766A6464415DD907B5773810158DCC5A2378A5C8829ADCB7965BD777F79773175843DF2D7E29ACEC20841042082184104243D3FF01774885FC3529029F0000000049454E44AE426082, '1');
INSERT INTO `act_ge_bytearray` VALUES ('20002', '1', 'source', null, 0x7B226964223A2263616E766173222C227265736F757263654964223A2263616E766173222C227374656E63696C736574223A7B226E616D657370616365223A22687474703A2F2F62336D6E2E6F72672F7374656E63696C7365742F62706D6E322E3023227D7D, null);
INSERT INTO `act_ge_bytearray` VALUES ('22502', '1', '客户审批流程.bpmn20.xml', '22501', 0x3C3F786D6C2076657273696F6E3D22312E302220656E636F64696E673D225554462D38223F3E0A3C646566696E6974696F6E7320786D6C6E733D22687474703A2F2F7777772E6F6D672E6F72672F737065632F42504D4E2F32303130303532342F4D4F44454C2220786D6C6E733A7873693D22687474703A2F2F7777772E77332E6F72672F323030312F584D4C536368656D612D696E7374616E63652220786D6C6E733A7873643D22687474703A2F2F7777772E77332E6F72672F323030312F584D4C536368656D612220786D6C6E733A61637469766974693D22687474703A2F2F61637469766974692E6F72672F62706D6E2220786D6C6E733A62706D6E64693D22687474703A2F2F7777772E6F6D672E6F72672F737065632F42504D4E2F32303130303532342F44492220786D6C6E733A6F6D6764633D22687474703A2F2F7777772E6F6D672E6F72672F737065632F44442F32303130303532342F44432220786D6C6E733A6F6D6764693D22687474703A2F2F7777772E6F6D672E6F72672F737065632F44442F32303130303532342F44492220747970654C616E67756167653D22687474703A2F2F7777772E77332E6F72672F323030312F584D4C536368656D61222065787072657373696F6E4C616E67756167653D22687474703A2F2F7777772E77332E6F72672F313939392F585061746822207461726765744E616D6573706163653D22687474703A2F2F7777772E61637469766974692E6F72672F70726F63657373646566223E0A20203C70726F636573732069643D22437573746F6D6572466C6F7722206E616D653D22E5AEA2E688B7E5AEA1E689B9E8B7AFE7A88B2220697345786563757461626C653D2274727565223E0A202020203C657874656E73696F6E456C656D656E74733E0A2020202020203C61637469766974693A657865637574696F6E4C697374656E6572206576656E743D22656E642220636C6173733D226F72672E73736D2E63726D3532302E7574696C2E50726F63657373456E644C697374656E6572223E3C2F61637469766974693A657865637574696F6E4C697374656E65723E0A202020203C2F657874656E73696F6E456C656D656E74733E0A202020203C73746172744576656E742069643D227369642D37383433373533392D354335372D344244422D383034422D363036363835314143333545223E3C2F73746172744576656E743E0A202020203C757365725461736B2069643D227369642D43454545304431462D443741342D344542452D423834432D36324342304135373944414322206E616D653D22E7A1AEE8AEA4E5AEA2E688B7E4BFA1E681AF222061637469766974693A61737369676E65653D22247B73656C6C65727D222061637469766974693A666F726D4B65793D2273686F77436F6E6669726D496E666F466F726D223E3C2F757365725461736B3E0A202020203C73657175656E6365466C6F772069643D227369642D42434646453232422D313642322D344543332D383034372D3546313430383343344131462220736F757263655265663D227369642D37383433373533392D354335372D344244422D383034422D36303636383531414333354522207461726765745265663D227369642D43454545304431462D443741342D344542452D423834432D363243423041353739444143223E3C2F73657175656E6365466C6F773E0A202020203C757365725461736B2069643D227369642D35303446364346352D384635392D344330342D394243332D46303734413531423133354522206E616D653D22E7BB8FE79086E5AEA1E689B9222061637469766974693A666F726D4B65793D2273686F774D616E61676572436F6E6669726D466F726D223E0A2020202020203C657874656E73696F6E456C656D656E74733E0A20202020202020203C61637469766974693A7461736B4C697374656E6572206576656E743D226372656174652220636C6173733D226F72672E73736D2E63726D3532302E7574696C2E4D616E6167657248616E6465724C697374656E6572223E3C2F61637469766974693A7461736B4C697374656E65723E0A2020202020203C2F657874656E73696F6E456C656D656E74733E0A202020203C2F757365725461736B3E0A202020203C656E644576656E742069643D227369642D46364438423331312D383532462D343244322D383735382D303534313046434444363937223E3C2F656E644576656E743E0A202020203C73657175656E6365466C6F772069643D227369642D46373041393441302D374544322D343338342D423445432D3344384441383430433833412220736F757263655265663D227369642D35303446364346352D384635392D344330342D394243332D46303734413531423133354522207461726765745265663D227369642D46364438423331312D383532462D343244322D383735382D303534313046434444363937223E3C2F73657175656E6365466C6F773E0A202020203C73657175656E6365466C6F772069643D227369642D30434232443933372D373542432D343743352D394535312D4135393136384132393637372220736F757263655265663D227369642D43454545304431462D443741342D344542452D423834432D36324342304135373944414322207461726765745265663D227369642D35303446364346352D384635392D344330342D394243332D463037344135314231333545223E3C2F73657175656E6365466C6F773E0A20203C2F70726F636573733E0A20203C62706D6E64693A42504D4E4469616772616D2069643D2242504D4E4469616772616D5F437573746F6D6572466C6F77223E0A202020203C62706D6E64693A42504D4E506C616E652062706D6E456C656D656E743D22437573746F6D6572466C6F77222069643D2242504D4E506C616E655F437573746F6D6572466C6F77223E0A2020202020203C62706D6E64693A42504D4E53686170652062706D6E456C656D656E743D227369642D37383433373533392D354335372D344244422D383034422D363036363835314143333545222069643D2242504D4E53686170655F7369642D37383433373533392D354335372D344244422D383034422D363036363835314143333545223E0A20202020202020203C6F6D6764633A426F756E6473206865696768743D2233302E30222077696474683D2233302E302220783D223239302E302220793D2233302E30223E3C2F6F6D6764633A426F756E64733E0A2020202020203C2F62706D6E64693A42504D4E53686170653E0A2020202020203C62706D6E64693A42504D4E53686170652062706D6E456C656D656E743D227369642D43454545304431462D443741342D344542452D423834432D363243423041353739444143222069643D2242504D4E53686170655F7369642D43454545304431462D443741342D344542452D423834432D363243423041353739444143223E0A20202020202020203C6F6D6764633A426F756E6473206865696768743D2238302E30222077696474683D223130302E302220783D223331352E302220793D223132302E30223E3C2F6F6D6764633A426F756E64733E0A2020202020203C2F62706D6E64693A42504D4E53686170653E0A2020202020203C62706D6E64693A42504D4E53686170652062706D6E456C656D656E743D227369642D35303446364346352D384635392D344330342D394243332D463037344135314231333545222069643D2242504D4E53686170655F7369642D35303446364346352D384635392D344330342D394243332D463037344135314231333545223E0A20202020202020203C6F6D6764633A426F756E6473206865696768743D2238302E30222077696474683D223130302E302220783D223235352E302220793D223235352E30223E3C2F6F6D6764633A426F756E64733E0A2020202020203C2F62706D6E64693A42504D4E53686170653E0A2020202020203C62706D6E64693A42504D4E53686170652062706D6E456C656D656E743D227369642D46364438423331312D383532462D343244322D383735382D303534313046434444363937222069643D2242504D4E53686170655F7369642D46364438423331312D383532462D343244322D383735382D303534313046434444363937223E0A20202020202020203C6F6D6764633A426F756E6473206865696768743D2232382E30222077696474683D2232382E302220783D223239312E302220793D223430352E30223E3C2F6F6D6764633A426F756E64733E0A2020202020203C2F62706D6E64693A42504D4E53686170653E0A2020202020203C62706D6E64693A42504D4E456467652062706D6E456C656D656E743D227369642D30434232443933372D373542432D343743352D394535312D413539313638413239363737222069643D2242504D4E456467655F7369642D30434232443933372D373542432D343743352D394535312D413539313638413239363737223E0A20202020202020203C6F6D6764693A776179706F696E7420783D223331352E302220793D223136302E30223E3C2F6F6D6764693A776179706F696E743E0A20202020202020203C6F6D6764693A776179706F696E7420783D223330352E302220793D223136302E30223E3C2F6F6D6764693A776179706F696E743E0A20202020202020203C6F6D6764693A776179706F696E7420783D223330352E302220793D223235352E30223E3C2F6F6D6764693A776179706F696E743E0A2020202020203C2F62706D6E64693A42504D4E456467653E0A2020202020203C62706D6E64693A42504D4E456467652062706D6E456C656D656E743D227369642D46373041393441302D374544322D343338342D423445432D334438444138343043383341222069643D2242504D4E456467655F7369642D46373041393441302D374544322D343338342D423445432D334438444138343043383341223E0A20202020202020203C6F6D6764693A776179706F696E7420783D223330352E302220793D223333352E30223E3C2F6F6D6764693A776179706F696E743E0A20202020202020203C6F6D6764693A776179706F696E7420783D223330352E302220793D223430352E30223E3C2F6F6D6764693A776179706F696E743E0A2020202020203C2F62706D6E64693A42504D4E456467653E0A2020202020203C62706D6E64693A42504D4E456467652062706D6E456C656D656E743D227369642D42434646453232422D313642322D344543332D383034372D354631343038334334413146222069643D2242504D4E456467655F7369642D42434646453232422D313642322D344543332D383034372D354631343038334334413146223E0A20202020202020203C6F6D6764693A776179706F696E7420783D223332302E302220793D2234352E30223E3C2F6F6D6764693A776179706F696E743E0A20202020202020203C6F6D6764693A776179706F696E7420783D223336352E302220793D2234352E30223E3C2F6F6D6764693A776179706F696E743E0A20202020202020203C6F6D6764693A776179706F696E7420783D223336352E302220793D223132302E30223E3C2F6F6D6764693A776179706F696E743E0A2020202020203C2F62706D6E64693A42504D4E456467653E0A202020203C2F62706D6E64693A42504D4E506C616E653E0A20203C2F62706D6E64693A42504D4E4469616772616D3E0A3C2F646566696E6974696F6E733E, '0');
INSERT INTO `act_ge_bytearray` VALUES ('22503', '1', '客户审批流程.CustomerFlow.png', '22501', 0x89504E470D0A1A0A0000000D49484452000000AF000001A20806000000917B961F000013C44944415478DAED9D0F6C14E5BA874F22849B1043482486788C904BBC8418438C06092169488812319808F40F159ADA58F5025628110F92224A2CA810F598134DA3487AF19086D49E9E5EFE95D2160B8462537ACA9F430F85DA9696E5F456C4526A91EFCE6F4E67CF74BB5BB674773B0BCF93BCD96F676667DB6F9F79E79D6F66677FF73B0000000000008068618CF98FBABABACC6FBEF9A6223737F7EACA952B7BD3D2D24C525292494D4DBDF5DA6BAFF5AC5BB7AE71F3E6CDF956FC173D069E9076F7EEDD3BDE7BEFBDDEACAC2CF3C5175F9863C78E99D6D656D3DDDD6D841E7D3E9FF9E1871F8C25B779E38D376EBDF9E69B175F79E5950C7A1046044BD2F4F7DF7FFFC69A356B6C316FDEBC69C2A5B6B6D6AC5DBBF6666666E699458B164DA1372156D97654515151D9ABAFBE6A8A8B8B87246D207BF7EE35E9E9E9D7C9C2101371CBCBCB8FAF58B1C29C3B77CE44828B172F1A6B43B89E9191F1DFF430440D655C89AB1A3692687D56F6BD969C9C9C4A2F43546A5C950A91CAB8C132F0D2A54B3B2D81A7D2DB10D151858D1B37F6A8C68D26252525D7972C5972941E8788515858F83F1A55F8F5D75F4DB479FDF5D7DB291F20625957E3B81A0E8B05274F9EEC21FB4244D099331DA40D67486CA8A4A7A7B72725254DA2F76158E8946F5E5E9E8925DBB66DABB5E4CDA6F76158E85A059DF28D25478E1CB968C95B4CEFC3B0D045366D6D6D3195B7BDBDDD67C9DB4CEFC3B0D0D561CE4536B142EF67C9DB4DEFC3B0D0658D2381DE371E03633CC4B265CB6EC53AF35EBF7EBD3D1E332FF27A8C152B56F4C4BAE6BD74E9D2DFE3B1E6455E8FB17EFDFA86588F36ECDBB7EF7FE371B401793DC6871F7E9817EB71DE9C9C9C92781CE7455E8FF1CE3BEFFCE7F2E5CB7F8BE119B6EE949494F3F178860D793DC8AA55ABFE11AB6B1BAC9221DF92E070BC8ECC608BC778F9E59717AD5EBDBA3706D9B7D3CABA35F17A5519F27A94CCCCCCBA685FCFABFA5A593721216114F242243F9849FAB264B4BE495157575764BD475B3C7F9302793D4C6A6AEA122B037745FA3B6C2D2D2DDF5BE54253BC5F848EBC1E67C99225E9FAB264A432B032AEC44D4C4C5C7B17EC9D90D7EB58A2255959F8EA77DF7DF7CB300EE23A3FFEF8E3AF552A589176979456C81B2F35B095310F5A65447B4D4DCDF5A18CE3EEDFBFFF5B4BFE6A1D9CDD4DDF1646DEF8FBC0164AE2B4B4345F6E6EEEA9EFBFFFBEA9B5B5B5CDB9984717D9E85A85D2D2D2BF6ED8B0618F5576344A5A65DB781D5540DEBBAF16FEBD9545B3AC0FB0C08A0BBA2AACEF32413D36EB5A059DF2BD9BBF9B86BC80BC00C80B80BC80BC00C80B80BC00C80BC80B80BC00C80BC80B80BC00C80B80BC80BC00C80B80BC80BC00C80B80BC00C80BC80B80BC00C80BC80B80BC00C80B80BC80BC00C80B80BC80BC00C80B80BC00C80BC80B80BC00C80BC80B80BC00C80B80BC80BC00C80B80BC80BCF402202F00F202202FDC45A2164BD6DB44353D055E94F7492B7A0793373131713E3D055E1578CF20F21E4D484818452F8197B36F50799393935FA087201E6BDF6AB22EC465ED4BAD0B7183256B215917E255DEA75DB5EEB3F408C465ED4BD685B81D79A027EE318C31A31A1B1B0B8E1D3BF6DBC18307CD8103078818476969A9A9ACACFCA715A918390424EEE1C3878DCFE7333D3D3DC408C5952B574C4545C5554BE485581926CAB888EB19817BAC4C7C062BC344A502E278272C797BB1324C5473218DA7E4E5C033D2F2FEF2539B69ACFEDA9C2ADD6887DA9A8670C8EB6979AF75B69AFA7DEBCDC99235FD42D3340FE990D7B3F2369FFACB00719D6839558C74C8EB5D79CF1CDA1C525ECD433AE4F5ACBCF50736849457F3900E79919740DE48CBABD18550F26A1ED221AF67E56DA8FA634879350FE990D7B3F276B4D699FAFD39034B066B9AE6211DF27AFA24C585133B06C8AB690887BCDE96F7C60DD370E44F034B066B9AE6211DF27A525E9D413B57F559C89A57F338CB86BCDE92D7CAA86D0D65E66F7BFF10525C27B48C96250B23EF88CB7BBB6C4B16465ECFCA1B4EB61D2C0B2321F28E98BC772AAE134888BC9E1A2A2390177909E4455EE4455EE4455EE42590177991179017799197405EE42590177991179017799197405EE42590177991177909E4455E0279911779017991177909E48D38417E0D3D64200DF27A4EDE91CABC3B77EE3413264C0839BFB6B6B6DFF3AEAE2EFDAD46BF0737D87ABBBBBBEDE5162F5E1CF6DF52585868264E9C78DBE5B4DEAFBEFACA6E1F3D7AD41415150DFA77B85FA7F750BBA5A5A5DF3CE4F5B0BCEDEDEDA6A0A0C096233F3FDFFE20354D8F797979B60C6A9F3D7BB6DFEB76EDDA654FEFECECFCD77D22AE5DB39FEFDEBD3BA87C12C909BD8FDE2F2B2BCB7EAED7E8B512C7BD319C3F7FBE9F60FBF7EFB7DB870E1D1A20D8F1E3C7ED65F4D8D1D161879E9F3871C25CB870C16EF7BBF160DF7CFD0C584D4D8D696868B043D39E7BEE39E48DA7CCEBCE3E6A7FFEF9E7FE765353935FD2C00CAA0F5ECFAF5EBD6A3FD786106C3949E4B4DF7DF75DBFA012F6FEFBEF375BB66CE9F73A677D73E6CC31191919FED8B3678F3D7DC78E1D03FE7EED0DF4F738F20646B0F5CF9C39D32C5DBAD40E6D489A969D9D8DBCF122AF93859A9B9B6D51552ECC9831C39C3E7DDA9F75033397E6493EE7B9B2A49609B6AB769693B463C78E35EBD6ADF38BF2D8638F05BFBF5A5F260FB63E4D57F6F6DFF5BDBEDE5FB25CBA74C916F299679EE927A4B27538EB1F3D7AB479F1C51791375EE41D376E9C993C79B25D0A3CF8E083F607FAF8E38FFB3F6009E1C82B4995A1F57CD3A64DFE753892389938D87B646666DAEBDCBA75AB79E49147CCCA952B43DF1CB0EFBD257A6E6EAE3F9C5D7B71F1BF7FC148D39D3D44B075496A65DADB657627AB9379E3445E479259B366D91FDEECD9B36D39C78F1F6F0BA2792525250332AF5313BB9F6B39B754FE9FD1B232BAEA68FB1EC17DF5A7E4FDE8A38F420AA7E95A4E075EC16A68F71E40258D96555B6588FE9779F3E6F9CB01D5B0EED7B8F7365A36B06C502D8EBC7120AF3299A45DB06081FD989090606760C9EB1C48399936505E65D9AAAA2A5B18471EF78155E00195CA116574FD3ABAE4D1EE5EEFA7D72833BB455639317DFAF421D5EC4EBDADF6DCB973FB0919588BAB94A9ABABB3FF7FD5CFF7DD779FBF46779743C8EBF1B241D23EF5D453F687E88C2EE8E02758D9E09645C2E9685D624C9932C59EAEB243D9DB9DD935B2A0ECABD76CDFBEDD5EDF679F7DE65FAF24D67281EBD770DD9DCAEB9655CFB541BAC57546401C69B58C4A221D586AE3738FA420AF87E5D58728E194F99C032FEDE66F27EFD4A953ED0F7ACC983103E64D9B362DA860814369C1B2A236A6C0DDFC50E5D5C618EA80CD1965D03C8D7404AEC739401DCAC683BC2324AF3BC338B5AB93A1249B0EE6024705F41A891B78B2C219E80FCC76CEBA737272061C7CA9A470D7C7811B4AB8F23A1B86DA2A67DCF32A2A2AFEFDDB1C56DDEDD4BDCB972FB7CB19854A258DB2709222CECFB011C88BBCC88BBCC88BBCC84B202FF212C88BBCC88BBC4883BCC84B202FF2222FF2222FF2222F81BCC84B202FF2222FF2222FF2222F81BCC88BBCC88BBCC88BBC04F2222F81BCC88BBCC88BBCC88BBC04F2222F81BCC88BBCC84B202FF212C81B797975B33BA4F14C745BF2F6226F98F2565656B6F97C3EC4F140B4B6B6FED992F70CF286296F5959D982F2F2F29F2E5FBE7C1D81462EE34ADCD2D2D2262B16226F98F20AABC3E65B5B7CB57659AAB9889887FAFD0CE2DE81BC00C80B80BC80BC00C80B80BC00C80BC80B80BC00C80B80BC80BC00C80B80BC80BC00C80B80BC00C80BC80B80BC00C80BC80B80BC00C80B80BC80BC00C80B80BC80BC00C80B80BC00C80BC80B80BC00C80BC80B80BC00C80B80BC80BC00C80B80BC80BC00C80B1071518B25EB6DA29A9E022FCAFBA415BD83C99B9898389F9E02AF0ABC6710798F2624248CA297C0CBD937A8BCC9C9C92FD043108FB56F355917E2B2F6A5D685B8C192B590AC0BF12AEFD3AE5AF7597A04E2B2F625EB42DC8E3CD013F718C698518D8D8D05C78E1DFBEDE0C183E6C08103448CA3B4B4D4545656FED38A548C1C0212F7F0E1C3C6E7F3999E9E1E6284E2CA952BA6A2A2E2AA25F242AC0C13655CC4F58CC03D56263E839561A2520171BC1396BCBD581926AAB990C653F272E01969797FF9A9CD34567F6D4E956EB4436D4D4338E4F5B4BCD73A5B4DFDBEF5E664C99A7EA1699A8774C8EB59799B4FFD6580B84EB49C2A463AE4F5AEBC670E6D0E29AFE6211DF27A56DEFA031B42CAAB794887BCC84B206FA4E5D5E8422879350FE990D7B3F23654FD31A4BC9A8774C8EB59793B5AEB4CFDFE9C812583354DF3900E793D7D92E2C2891D03E4D53484435E6FCB7BE3866938F2A7812583354DF3900E793D29AFCEA09DABFA2C64CDAB799C65435E6FC96B65D4B68632F3B7BD7F0829AE135A46CB92859177C4E5BD5DB6250B23AF67E50D27DB0E9685911079474CDE3B15D70924445E4F0D9511C88BBC04F2222FF2222FF2222FF212C88BBCC80BC88BBCC84B202FF212C88BBCC80BC88BBCC84B202FF212C88BBCC88BBC04F2222F81BCC88BBC80BCC88BBC04F2222F81BC5E97B7A6A6461F8EE9EAEA321D1D1DFE387DFAB4397AF4E8E0B79CBA70A1DFF3CECE4E73F6ECD990CBEB7D3EF9E49341D7A965B2B3B3FDEDE2E2627FFBF8F1E3C88BBCFD6579FBEDB7ED76555595FDE3799257D3172F5EEC5FEED2A54B263F3FDFCC9C39D3ECD8B1C37CF9E597F632858585F663464686292828F06F087A4D454585292A2A324B972EB51F1F7AE8213363C60CBBADD8BD7BB7993C79F280BF272F2FCFDFDEB973E78036F222AF3FEB0666C50913269859B36685945DE239EDDADA5AFB71FBF6EDA6A9A9C96E4BF460C28D1933C6E4E6E6FA9F8F1E3DDABFE19C3F7FDE5EAF5E9390906076EDDA65B7B50770D6555757674E9C3881BCF7BABC92C5916BDAB46966CE9C39F6746555B5F53876EC58D3DCDC1C54DE6BD7AED96D656377E69D3871A27FD9AB57AFDA1B8864563859556D9517EE654365DEF1E3C7DB195AED3D7BF6D88F7A8EBCF7B0BCCA92CA7C0D0D0DB6109279DCB87166EBD6ADFE6594E5344F7F936475CA02950CCAD26A3B258636024750B7F07AAE0DC1915DEB505BB5AC368E60F23EFAE8A3FEF776EA6EB5A74F9F4ED980BCFF8AF6F6765B0AD5B9124FB5AAC472A2A4A4C4967CB0B2C1115A75ADDA870E1D1AB0BC4A10A724484F4FB7DBCABA0B162CF02FA71F0B4F4949F16F2CEEF53B6D9512C88BBCA6BBBBDB164275A876FDDA8DBFF5D65B765DE9D4B0125A230881322A4B4B6AADC35DDB6A230826BB5B40477C9500CAF4CE72CE6847E0419AFBB5FADB9CF744DE7B3CF34A36A7AD032FB78CC1B29C76E19AF7FCF3CFDB0752DAF53B19559957B5A83268A0BCAAA10333EF030F3C60B2B2B26E5BF36A784CA3206A3B0784F5F5F5C87B2FCBAB315A89F0F0C30FDB99D72DB25B5EB55B5A5AEC3A56ED60BF4A1F982DB5FCED462A826D488E9CCAB6CE9EC13D1AE28C8E38E3C0C87B0F675EF74986279E78C23F06AB0CEA8CC5CE9E3D7BC0C90AD5CA3A789A376F9EBD4C525292494B4BB3DB1A075649104A5EE7A443B0D03CF7419A5B74CD9B3B77AEFD9EA1360EE4E5F47054EB6C4E0F232F81BCC84B202FF2222F202FF2222F81BCC88BBC5889BCC88BBC04F2222F81BCC88BBC80BCC88BBC04F2222F81BCC88BBCC84B202FF212C88BBCC80BC88BBCC84B202FF212C88BBCC88BBC04F2222F81BCC88BBC80BCC87BB710EC5E60C48845B7256F2F5686496565659BCFE7431C0F446B6BEB9F2D79CF6065989495952D282F2FFFE9F2E5CBD71168E432AEC42D2D2D6DB26221560E01ABC3E65B5B7CB57659AAB9E23174E7C878FDDBFBFAFD0CE2DEA3485E7A01901700790190179017007901901700790179019017007901790190170079019017901700790190179017007901901700790179019017007901790190170079019017901700790190179017007901901700790179019017007901790190170079019017901700790190179017007901901700790179019017007901799117901700790190179017007901EE5CD462C97A9BA8A6A7C08BF23E6945EF60F2262626CEA7A7C0AB02EF1944DEA3090909A3E825F072F60D2A6F7272F20BF410C463ED5B4DD685B8AC7DA975216EB0642D24EB42BCCAFBB4ABD67D961E81B8AC7DC9BAE079962C59F27B2BE32EB7842DB0A2C18AAEBEECDB6DC585BE52225BCBD15BE009340466C5012B7AC238C3E6C4216BF9547A0F46AA2C986409B87708C2068BC38B162D9A426F422C0FC892525252FECF2DA2550E980F3EF8C0949595991F7FFCD1FCFCF3CF4674757599D6D65653555565B66DDB665E7AE9A54081AF91852156E2CEB764BBE996363F3FDFF87C3E130E9D9D9DF6F27A5DC019B80C7A17A29A71DDE2AE5AB5CACEB277825EB766CD9A4081C9C0109D1AD75D2AE4E4E4F84B833B4525C5A64D9B024B88A9F43644144BDC5277C61DAEB86E810332F0617A1B228686C3DC35EE9D960A839510EE1A98F2012229EF01472C1D6C45836FBFFD96EC0B914567C49C833465C78E8E8EA8C8AB51888061B449F43E0C778461B923D4962D5B4C34D138B04BDE6C7A1F863BCA50E008555E5E1E55797522C3256F31BD0FC395B7C1112AD2076A81E84C9C4BDE667A1F862BEF3547A8480D8F0D366CE692B79BDE87E1CAEB172A16B8DF8FDE07322F50F352F302A30D8C36402C609C17E2169D6173EEC310ED336CA9A9A9B738C30611856B1B209EE58DFA5565292929B7B8AA0CA275E076285AD7F3AE5EBDFAA63BEB72AF0788B4BC93ACB812856F52DCE29B14108B918724F74DF486FB1DB6808C4BB90051CFC0696E819D6F0F6BB420DC51051D9CB96BDCBE3B49AEA577212619D88ACEC0FB36681C58273242DDB7E1D34F3F35CB962DFB2DF0BE0DDA20E85588690DEC1E42BBD33BE650E3C2484ABCB04FE2DEA148AB6CCBA8027882BEEFBA65F55D0B71A1EFEE90CE5D229BFB6E799ACD993300000000000000000000006FF0FFF7CB650DC4F2B1CB0000000049454E44AE426082, '1');

-- ----------------------------
-- Table structure for act_ge_property
-- ----------------------------
DROP TABLE IF EXISTS `act_ge_property`;
CREATE TABLE `act_ge_property` (
  `NAME_` varchar(64) COLLATE utf8_bin NOT NULL DEFAULT '',
  `VALUE_` varchar(300) COLLATE utf8_bin DEFAULT NULL,
  `REV_` int(11) DEFAULT NULL,
  PRIMARY KEY (`NAME_`)
) ENGINE=InnoDB DEFAULT CHARSET=utf8 COLLATE=utf8_bin;

-- ----------------------------
-- Records of act_ge_property
-- ----------------------------
INSERT INTO `act_ge_property` VALUES ('next.dbid', '27501', '12');
INSERT INTO `act_ge_property` VALUES ('schema.history', 'create(5.16.4.0)', '1');
INSERT INTO `act_ge_property` VALUES ('schema.version', '5.16.4.0', '1');

-- ----------------------------
-- Table structure for act_hi_actinst
-- ----------------------------
DROP TABLE IF EXISTS `act_hi_actinst`;
CREATE TABLE `act_hi_actinst` (
  `ID_` varchar(64) COLLATE utf8_bin NOT NULL,
  `PROC_DEF_ID_` varchar(64) COLLATE utf8_bin NOT NULL,
  `PROC_INST_ID_` varchar(64) COLLATE utf8_bin NOT NULL,
  `EXECUTION_ID_` varchar(64) COLLATE utf8_bin NOT NULL,
  `ACT_ID_` varchar(255) COLLATE utf8_bin NOT NULL,
  `TASK_ID_` varchar(64) COLLATE utf8_bin DEFAULT NULL,
  `CALL_PROC_INST_ID_` varchar(64) COLLATE utf8_bin DEFAULT NULL,
  `ACT_NAME_` varchar(255) COLLATE utf8_bin DEFAULT NULL,
  `ACT_TYPE_` varchar(255) COLLATE utf8_bin NOT NULL,
  `ASSIGNEE_` varchar(255) COLLATE utf8_bin DEFAULT NULL,
  `START_TIME_` datetime NOT NULL,
  `END_TIME_` datetime DEFAULT NULL,
  `DURATION_` bigint(20) DEFAULT NULL,
  `TENANT_ID_` varchar(255) COLLATE utf8_bin DEFAULT '',
  PRIMARY KEY (`ID_`),
  KEY `ACT_IDX_HI_ACT_INST_START` (`START_TIME_`),
  KEY `ACT_IDX_HI_ACT_INST_END` (`END_TIME_`),
  KEY `ACT_IDX_HI_ACT_INST_PROCINST` (`PROC_INST_ID_`,`ACT_ID_`),
  KEY `ACT_IDX_HI_ACT_INST_EXEC` (`EXECUTION_ID_`,`ACT_ID_`)
) ENGINE=InnoDB DEFAULT CHARSET=utf8 COLLATE=utf8_bin;

-- ----------------------------
-- Records of act_hi_actinst
-- ----------------------------
INSERT INTO `act_hi_actinst` VALUES ('17529', 'CustomerFlow:1:17527', '17528', '17528', 'sid-78437539-5C57-4BDB-804B-6066851AC35E', null, null, null, 'startEvent', null, '2015-05-23 09:39:48', '2015-05-23 09:39:48', '1', '');
INSERT INTO `act_hi_actinst` VALUES ('17533', 'CustomerFlow:1:17527', '17528', '17528', 'sid-CEEE0D1F-D7A4-4EBE-B84C-62CB0A579DAC', '17534', null, '确认客户信息', 'userTask', 'dahai', '2015-05-23 09:39:48', '2015-05-23 09:40:09', '21575', '');
INSERT INTO `act_hi_actinst` VALUES ('17536', 'CustomerFlow:1:17527', '17528', '17528', 'sid-504F6CF5-8F59-4C04-9BC3-F074A51B135E', '17537', null, '经理审批', 'userTask', 'admin1', '2015-05-23 09:40:09', '2015-05-23 09:41:11', '62523', '');
INSERT INTO `act_hi_actinst` VALUES ('17539', 'CustomerFlow:1:17527', '17528', '17528', 'sid-F6D8B311-852F-42D2-8758-05410FCDD697', null, null, null, 'endEvent', null, '2015-05-23 09:41:11', '2015-05-23 09:41:11', '0', '');
INSERT INTO `act_hi_actinst` VALUES ('17541', 'CustomerFlow:1:17527', '17540', '17540', 'sid-78437539-5C57-4BDB-804B-6066851AC35E', null, null, null, 'startEvent', null, '2015-05-23 09:41:57', '2015-05-23 09:41:57', '0', '');
INSERT INTO `act_hi_actinst` VALUES ('17545', 'CustomerFlow:1:17527', '17540', '17540', 'sid-CEEE0D1F-D7A4-4EBE-B84C-62CB0A579DAC', '17546', null, '确认客户信息', 'userTask', 'dahai', '2015-05-23 09:41:57', '2015-05-23 09:43:09', '72431', '');
INSERT INTO `act_hi_actinst` VALUES ('17548', 'CustomerFlow:1:17527', '17540', '17540', 'sid-504F6CF5-8F59-4C04-9BC3-F074A51B135E', '17549', null, '经理审批', 'userTask', 'admin1', '2015-05-23 09:43:09', '2015-05-23 09:43:44', '35463', '');
INSERT INTO `act_hi_actinst` VALUES ('17551', 'CustomerFlow:1:17527', '17540', '17540', 'sid-F6D8B311-852F-42D2-8758-05410FCDD697', null, null, null, 'endEvent', null, '2015-05-23 09:43:44', '2015-05-23 09:43:44', '0', '');
INSERT INTO `act_hi_actinst` VALUES ('25002', 'CustomerFlow:2:22504', '25001', '25001', 'sid-78437539-5C57-4BDB-804B-6066851AC35E', null, null, null, 'startEvent', null, '2015-06-22 21:44:49', '2015-06-22 21:44:49', '22', '');
INSERT INTO `act_hi_actinst` VALUES ('25006', 'CustomerFlow:2:22504', '25001', '25001', 'sid-CEEE0D1F-D7A4-4EBE-B84C-62CB0A579DAC', '25007', null, '确认客户信息', 'userTask', 'dahai', '2015-06-22 21:44:49', null, null, '');

-- ----------------------------
-- Table structure for act_hi_attachment
-- ----------------------------
DROP TABLE IF EXISTS `act_hi_attachment`;
CREATE TABLE `act_hi_attachment` (
  `ID_` varchar(64) COLLATE utf8_bin NOT NULL,
  `REV_` int(11) DEFAULT NULL,
  `USER_ID_` varchar(255) COLLATE utf8_bin DEFAULT NULL,
  `NAME_` varchar(255) COLLATE utf8_bin DEFAULT NULL,
  `DESCRIPTION_` varchar(4000) COLLATE utf8_bin DEFAULT NULL,
  `TYPE_` varchar(255) COLLATE utf8_bin DEFAULT NULL,
  `TASK_ID_` varchar(64) COLLATE utf8_bin DEFAULT NULL,
  `PROC_INST_ID_` varchar(64) COLLATE utf8_bin DEFAULT NULL,
  `URL_` varchar(4000) COLLATE utf8_bin DEFAULT NULL,
  `CONTENT_ID_` varchar(64) COLLATE utf8_bin DEFAULT NULL,
  PRIMARY KEY (`ID_`)
) ENGINE=InnoDB DEFAULT CHARSET=utf8 COLLATE=utf8_bin;

-- ----------------------------
-- Records of act_hi_attachment
-- ----------------------------

-- ----------------------------
-- Table structure for act_hi_comment
-- ----------------------------
DROP TABLE IF EXISTS `act_hi_comment`;
CREATE TABLE `act_hi_comment` (
  `ID_` varchar(64) COLLATE utf8_bin NOT NULL,
  `TYPE_` varchar(255) COLLATE utf8_bin DEFAULT NULL,
  `TIME_` datetime NOT NULL,
  `USER_ID_` varchar(255) COLLATE utf8_bin DEFAULT NULL,
  `TASK_ID_` varchar(64) COLLATE utf8_bin DEFAULT NULL,
  `PROC_INST_ID_` varchar(64) COLLATE utf8_bin DEFAULT NULL,
  `ACTION_` varchar(255) COLLATE utf8_bin DEFAULT NULL,
  `MESSAGE_` varchar(4000) COLLATE utf8_bin DEFAULT NULL,
  `FULL_MSG_` longblob,
  PRIMARY KEY (`ID_`)
) ENGINE=InnoDB DEFAULT CHARSET=utf8 COLLATE=utf8_bin;

-- ----------------------------
-- Records of act_hi_comment
-- ----------------------------

-- ----------------------------
-- Table structure for act_hi_detail
-- ----------------------------
DROP TABLE IF EXISTS `act_hi_detail`;
CREATE TABLE `act_hi_detail` (
  `ID_` varchar(64) COLLATE utf8_bin NOT NULL,
  `TYPE_` varchar(255) COLLATE utf8_bin NOT NULL,
  `PROC_INST_ID_` varchar(64) COLLATE utf8_bin DEFAULT NULL,
  `EXECUTION_ID_` varchar(64) COLLATE utf8_bin DEFAULT NULL,
  `TASK_ID_` varchar(64) COLLATE utf8_bin DEFAULT NULL,
  `ACT_INST_ID_` varchar(64) COLLATE utf8_bin DEFAULT NULL,
  `NAME_` varchar(255) COLLATE utf8_bin NOT NULL,
  `VAR_TYPE_` varchar(255) COLLATE utf8_bin DEFAULT NULL,
  `REV_` int(11) DEFAULT NULL,
  `TIME_` datetime NOT NULL,
  `BYTEARRAY_ID_` varchar(64) COLLATE utf8_bin DEFAULT NULL,
  `DOUBLE_` double DEFAULT NULL,
  `LONG_` bigint(20) DEFAULT NULL,
  `TEXT_` varchar(4000) COLLATE utf8_bin DEFAULT NULL,
  `TEXT2_` varchar(4000) COLLATE utf8_bin DEFAULT NULL,
  PRIMARY KEY (`ID_`),
  KEY `ACT_IDX_HI_DETAIL_PROC_INST` (`PROC_INST_ID_`),
  KEY `ACT_IDX_HI_DETAIL_ACT_INST` (`ACT_INST_ID_`),
  KEY `ACT_IDX_HI_DETAIL_TIME` (`TIME_`),
  KEY `ACT_IDX_HI_DETAIL_NAME` (`NAME_`),
  KEY `ACT_IDX_HI_DETAIL_TASK_ID` (`TASK_ID_`)
) ENGINE=InnoDB DEFAULT CHARSET=utf8 COLLATE=utf8_bin;

-- ----------------------------
-- Records of act_hi_detail
-- ----------------------------

-- ----------------------------
-- Table structure for act_hi_identitylink
-- ----------------------------
DROP TABLE IF EXISTS `act_hi_identitylink`;
CREATE TABLE `act_hi_identitylink` (
  `ID_` varchar(64) COLLATE utf8_bin NOT NULL DEFAULT '',
  `GROUP_ID_` varchar(255) COLLATE utf8_bin DEFAULT NULL,
  `TYPE_` varchar(255) COLLATE utf8_bin DEFAULT NULL,
  `USER_ID_` varchar(255) COLLATE utf8_bin DEFAULT NULL,
  `TASK_ID_` varchar(64) COLLATE utf8_bin DEFAULT NULL,
  `PROC_INST_ID_` varchar(64) COLLATE utf8_bin DEFAULT NULL,
  PRIMARY KEY (`ID_`),
  KEY `ACT_IDX_HI_IDENT_LNK_USER` (`USER_ID_`),
  KEY `ACT_IDX_HI_IDENT_LNK_TASK` (`TASK_ID_`),
  KEY `ACT_IDX_HI_IDENT_LNK_PROCINST` (`PROC_INST_ID_`)
) ENGINE=InnoDB DEFAULT CHARSET=utf8 COLLATE=utf8_bin;

-- ----------------------------
-- Records of act_hi_identitylink
-- ----------------------------
INSERT INTO `act_hi_identitylink` VALUES ('17535', null, 'participant', 'dahai', null, '17528');
INSERT INTO `act_hi_identitylink` VALUES ('17538', null, 'participant', 'admin1', null, '17528');
INSERT INTO `act_hi_identitylink` VALUES ('17547', null, 'participant', 'dahai', null, '17540');
INSERT INTO `act_hi_identitylink` VALUES ('17550', null, 'participant', 'admin1', null, '17540');
INSERT INTO `act_hi_identitylink` VALUES ('25008', null, 'participant', 'dahai', null, '25001');

-- ----------------------------
-- Table structure for act_hi_procinst
-- ----------------------------
DROP TABLE IF EXISTS `act_hi_procinst`;
CREATE TABLE `act_hi_procinst` (
  `ID_` varchar(64) COLLATE utf8_bin NOT NULL,
  `PROC_INST_ID_` varchar(64) COLLATE utf8_bin NOT NULL,
  `BUSINESS_KEY_` varchar(255) COLLATE utf8_bin DEFAULT NULL,
  `PROC_DEF_ID_` varchar(64) COLLATE utf8_bin NOT NULL,
  `START_TIME_` datetime NOT NULL,
  `END_TIME_` datetime DEFAULT NULL,
  `DURATION_` bigint(20) DEFAULT NULL,
  `START_USER_ID_` varchar(255) COLLATE utf8_bin DEFAULT NULL,
  `START_ACT_ID_` varchar(255) COLLATE utf8_bin DEFAULT NULL,
  `END_ACT_ID_` varchar(255) COLLATE utf8_bin DEFAULT NULL,
  `SUPER_PROCESS_INSTANCE_ID_` varchar(64) COLLATE utf8_bin DEFAULT NULL,
  `DELETE_REASON_` varchar(4000) COLLATE utf8_bin DEFAULT NULL,
  `TENANT_ID_` varchar(255) COLLATE utf8_bin DEFAULT '',
  `NAME_` varchar(255) COLLATE utf8_bin DEFAULT NULL,
  PRIMARY KEY (`ID_`),
  UNIQUE KEY `PROC_INST_ID_` (`PROC_INST_ID_`),
  KEY `ACT_IDX_HI_PRO_INST_END` (`END_TIME_`),
  KEY `ACT_IDX_HI_PRO_I_BUSKEY` (`BUSINESS_KEY_`)
) ENGINE=InnoDB DEFAULT CHARSET=utf8 COLLATE=utf8_bin;

-- ----------------------------
-- Records of act_hi_procinst
-- ----------------------------
INSERT INTO `act_hi_procinst` VALUES ('17528', '17528', 'Customer:6', 'CustomerFlow:1:17527', '2015-05-23 09:39:48', '2015-05-23 09:41:11', '83547', null, 'sid-78437539-5C57-4BDB-804B-6066851AC35E', 'sid-F6D8B311-852F-42D2-8758-05410FCDD697', null, null, '', null);
INSERT INTO `act_hi_procinst` VALUES ('17540', '17540', 'Customer:8', 'CustomerFlow:1:17527', '2015-05-23 09:41:57', '2015-05-23 09:43:44', '107484', null, 'sid-78437539-5C57-4BDB-804B-6066851AC35E', 'sid-F6D8B311-852F-42D2-8758-05410FCDD697', null, null, '', null);
INSERT INTO `act_hi_procinst` VALUES ('25001', '25001', 'Customer:10', 'CustomerFlow:2:22504', '2015-06-22 21:44:49', null, null, null, 'sid-78437539-5C57-4BDB-804B-6066851AC35E', null, null, null, '', null);

-- ----------------------------
-- Table structure for act_hi_taskinst
-- ----------------------------
DROP TABLE IF EXISTS `act_hi_taskinst`;
CREATE TABLE `act_hi_taskinst` (
  `ID_` varchar(64) COLLATE utf8_bin NOT NULL,
  `PROC_DEF_ID_` varchar(64) COLLATE utf8_bin DEFAULT NULL,
  `TASK_DEF_KEY_` varchar(255) COLLATE utf8_bin DEFAULT NULL,
  `PROC_INST_ID_` varchar(64) COLLATE utf8_bin DEFAULT NULL,
  `EXECUTION_ID_` varchar(64) COLLATE utf8_bin DEFAULT NULL,
  `NAME_` varchar(255) COLLATE utf8_bin DEFAULT NULL,
  `PARENT_TASK_ID_` varchar(64) COLLATE utf8_bin DEFAULT NULL,
  `DESCRIPTION_` varchar(4000) COLLATE utf8_bin DEFAULT NULL,
  `OWNER_` varchar(255) COLLATE utf8_bin DEFAULT NULL,
  `ASSIGNEE_` varchar(255) COLLATE utf8_bin DEFAULT NULL,
  `START_TIME_` datetime NOT NULL,
  `CLAIM_TIME_` datetime DEFAULT NULL,
  `END_TIME_` datetime DEFAULT NULL,
  `DURATION_` bigint(20) DEFAULT NULL,
  `DELETE_REASON_` varchar(4000) COLLATE utf8_bin DEFAULT NULL,
  `PRIORITY_` int(11) DEFAULT NULL,
  `DUE_DATE_` datetime DEFAULT NULL,
  `FORM_KEY_` varchar(255) COLLATE utf8_bin DEFAULT NULL,
  `CATEGORY_` varchar(255) COLLATE utf8_bin DEFAULT NULL,
  `TENANT_ID_` varchar(255) COLLATE utf8_bin DEFAULT '',
  PRIMARY KEY (`ID_`)
) ENGINE=InnoDB DEFAULT CHARSET=utf8 COLLATE=utf8_bin;

-- ----------------------------
-- Records of act_hi_taskinst
-- ----------------------------
INSERT INTO `act_hi_taskinst` VALUES ('17534', 'CustomerFlow:1:17527', 'sid-CEEE0D1F-D7A4-4EBE-B84C-62CB0A579DAC', '17528', '17528', '确认客户信息', null, null, null, 'dahai', '2015-05-23 09:39:48', null, '2015-05-23 09:40:09', '21569', 'completed', '50', null, 'showConfirmInfoForm', null, '');
INSERT INTO `act_hi_taskinst` VALUES ('17537', 'CustomerFlow:1:17527', 'sid-504F6CF5-8F59-4C04-9BC3-F074A51B135E', '17528', '17528', '经理审批', null, null, null, 'admin1', '2015-05-23 09:40:09', null, '2015-05-23 09:41:11', '62516', 'completed', '50', null, 'showManagerConfirmForm', null, '');
INSERT INTO `act_hi_taskinst` VALUES ('17546', 'CustomerFlow:1:17527', 'sid-CEEE0D1F-D7A4-4EBE-B84C-62CB0A579DAC', '17540', '17540', '确认客户信息', null, null, null, 'dahai', '2015-05-23 09:41:57', null, '2015-05-23 09:43:09', '72423', 'completed', '50', null, 'showConfirmInfoForm', null, '');
INSERT INTO `act_hi_taskinst` VALUES ('17549', 'CustomerFlow:1:17527', 'sid-504F6CF5-8F59-4C04-9BC3-F074A51B135E', '17540', '17540', '经理审批', null, null, null, 'admin1', '2015-05-23 09:43:09', null, '2015-05-23 09:43:44', '35455', 'completed', '50', null, 'showManagerConfirmForm', null, '');
INSERT INTO `act_hi_taskinst` VALUES ('25007', 'CustomerFlow:2:22504', 'sid-CEEE0D1F-D7A4-4EBE-B84C-62CB0A579DAC', '25001', '25001', '确认客户信息', null, null, null, 'dahai', '2015-06-22 21:44:49', null, null, null, null, '50', null, 'showConfirmInfoForm', null, '');

-- ----------------------------
-- Table structure for act_hi_varinst
-- ----------------------------
DROP TABLE IF EXISTS `act_hi_varinst`;
CREATE TABLE `act_hi_varinst` (
  `ID_` varchar(64) COLLATE utf8_bin NOT NULL,
  `PROC_INST_ID_` varchar(64) COLLATE utf8_bin DEFAULT NULL,
  `EXECUTION_ID_` varchar(64) COLLATE utf8_bin DEFAULT NULL,
  `TASK_ID_` varchar(64) COLLATE utf8_bin DEFAULT NULL,
  `NAME_` varchar(255) COLLATE utf8_bin NOT NULL,
  `VAR_TYPE_` varchar(100) COLLATE utf8_bin DEFAULT NULL,
  `REV_` int(11) DEFAULT NULL,
  `BYTEARRAY_ID_` varchar(64) COLLATE utf8_bin DEFAULT NULL,
  `DOUBLE_` double DEFAULT NULL,
  `LONG_` bigint(20) DEFAULT NULL,
  `TEXT_` varchar(4000) COLLATE utf8_bin DEFAULT NULL,
  `TEXT2_` varchar(4000) COLLATE utf8_bin DEFAULT NULL,
  `CREATE_TIME_` datetime DEFAULT NULL,
  `LAST_UPDATED_TIME_` datetime DEFAULT NULL,
  PRIMARY KEY (`ID_`),
  KEY `ACT_IDX_HI_PROCVAR_PROC_INST` (`PROC_INST_ID_`),
  KEY `ACT_IDX_HI_PROCVAR_NAME_TYPE` (`NAME_`,`VAR_TYPE_`),
  KEY `ACT_IDX_HI_PROCVAR_TASK_ID` (`TASK_ID_`)
) ENGINE=InnoDB DEFAULT CHARSET=utf8 COLLATE=utf8_bin;

-- ----------------------------
-- Records of act_hi_varinst
-- ----------------------------
INSERT INTO `act_hi_varinst` VALUES ('17530', '17528', '17528', null, 'objId', 'long', '1', null, null, '6', '6', null, '2015-05-23 09:39:48', '2015-05-23 09:41:11');
INSERT INTO `act_hi_varinst` VALUES ('17531', '17528', '17528', null, 'classType', 'string', '1', null, null, null, 'Customer', null, '2015-05-23 09:39:48', '2015-05-23 09:41:11');
INSERT INTO `act_hi_varinst` VALUES ('17532', '17528', '17528', null, 'seller', 'string', '1', null, null, null, 'dahai', null, '2015-05-23 09:39:48', '2015-05-23 09:41:11');
INSERT INTO `act_hi_varinst` VALUES ('17542', '17540', '17540', null, 'objId', 'long', '1', null, null, '8', '8', null, '2015-05-23 09:41:57', '2015-05-23 09:43:44');
INSERT INTO `act_hi_varinst` VALUES ('17543', '17540', '17540', null, 'classType', 'string', '1', null, null, null, 'Customer', null, '2015-05-23 09:41:57', '2015-05-23 09:43:44');
INSERT INTO `act_hi_varinst` VALUES ('17544', '17540', '17540', null, 'seller', 'string', '1', null, null, null, 'dahai', null, '2015-05-23 09:41:57', '2015-05-23 09:43:44');
INSERT INTO `act_hi_varinst` VALUES ('25003', '25001', '25001', null, 'objId', 'long', '0', null, null, '10', '10', null, '2015-06-22 21:44:49', '2015-06-22 21:44:49');
INSERT INTO `act_hi_varinst` VALUES ('25004', '25001', '25001', null, 'classType', 'string', '0', null, null, null, 'Customer', null, '2015-06-22 21:44:49', '2015-06-22 21:44:49');
INSERT INTO `act_hi_varinst` VALUES ('25005', '25001', '25001', null, 'seller', 'string', '0', null, null, null, 'dahai', null, '2015-06-22 21:44:49', '2015-06-22 21:44:49');

-- ----------------------------
-- Table structure for act_id_group
-- ----------------------------
DROP TABLE IF EXISTS `act_id_group`;
CREATE TABLE `act_id_group` (
  `ID_` varchar(64) COLLATE utf8_bin NOT NULL DEFAULT '',
  `REV_` int(11) DEFAULT NULL,
  `NAME_` varchar(255) COLLATE utf8_bin DEFAULT NULL,
  `TYPE_` varchar(255) COLLATE utf8_bin DEFAULT NULL,
  PRIMARY KEY (`ID_`)
) ENGINE=InnoDB DEFAULT CHARSET=utf8 COLLATE=utf8_bin;

-- ----------------------------
-- Records of act_id_group
-- ----------------------------

-- ----------------------------
-- Table structure for act_id_info
-- ----------------------------
DROP TABLE IF EXISTS `act_id_info`;
CREATE TABLE `act_id_info` (
  `ID_` varchar(64) COLLATE utf8_bin NOT NULL DEFAULT '',
  `REV_` int(11) DEFAULT NULL,
  `USER_ID_` varchar(64) COLLATE utf8_bin DEFAULT NULL,
  `TYPE_` varchar(64) COLLATE utf8_bin DEFAULT NULL,
  `KEY_` varchar(255) COLLATE utf8_bin DEFAULT NULL,
  `VALUE_` varchar(255) COLLATE utf8_bin DEFAULT NULL,
  `PASSWORD_` longblob,
  `PARENT_ID_` varchar(255) COLLATE utf8_bin DEFAULT NULL,
  PRIMARY KEY (`ID_`)
) ENGINE=InnoDB DEFAULT CHARSET=utf8 COLLATE=utf8_bin;

-- ----------------------------
-- Records of act_id_info
-- ----------------------------

-- ----------------------------
-- Table structure for act_id_membership
-- ----------------------------
DROP TABLE IF EXISTS `act_id_membership`;
CREATE TABLE `act_id_membership` (
  `USER_ID_` varchar(64) COLLATE utf8_bin NOT NULL DEFAULT '',
  `GROUP_ID_` varchar(64) COLLATE utf8_bin NOT NULL DEFAULT '',
  PRIMARY KEY (`USER_ID_`,`GROUP_ID_`),
  KEY `ACT_FK_MEMB_GROUP` (`GROUP_ID_`),
  CONSTRAINT `ACT_FK_MEMB_GROUP` FOREIGN KEY (`GROUP_ID_`) REFERENCES `act_id_group` (`ID_`),
  CONSTRAINT `ACT_FK_MEMB_USER` FOREIGN KEY (`USER_ID_`) REFERENCES `act_id_user` (`ID_`)
) ENGINE=InnoDB DEFAULT CHARSET=utf8 COLLATE=utf8_bin;

-- ----------------------------
-- Records of act_id_membership
-- ----------------------------

-- ----------------------------
-- Table structure for act_id_user
-- ----------------------------
DROP TABLE IF EXISTS `act_id_user`;
CREATE TABLE `act_id_user` (
  `ID_` varchar(64) COLLATE utf8_bin NOT NULL DEFAULT '',
  `REV_` int(11) DEFAULT NULL,
  `FIRST_` varchar(255) COLLATE utf8_bin DEFAULT NULL,
  `LAST_` varchar(255) COLLATE utf8_bin DEFAULT NULL,
  `EMAIL_` varchar(255) COLLATE utf8_bin DEFAULT NULL,
  `PWD_` varchar(255) COLLATE utf8_bin DEFAULT NULL,
  `PICTURE_ID_` varchar(64) COLLATE utf8_bin DEFAULT NULL,
  PRIMARY KEY (`ID_`)
) ENGINE=InnoDB DEFAULT CHARSET=utf8 COLLATE=utf8_bin;

-- ----------------------------
-- Records of act_id_user
-- ----------------------------

-- ----------------------------
-- Table structure for act_re_deployment
-- ----------------------------
DROP TABLE IF EXISTS `act_re_deployment`;
CREATE TABLE `act_re_deployment` (
  `ID_` varchar(64) COLLATE utf8_bin NOT NULL DEFAULT '',
  `NAME_` varchar(255) COLLATE utf8_bin DEFAULT NULL,
  `CATEGORY_` varchar(255) COLLATE utf8_bin DEFAULT NULL,
  `TENANT_ID_` varchar(255) COLLATE utf8_bin DEFAULT '',
  `DEPLOY_TIME_` timestamp NOT NULL DEFAULT CURRENT_TIMESTAMP ON UPDATE CURRENT_TIMESTAMP,
  PRIMARY KEY (`ID_`)
) ENGINE=InnoDB DEFAULT CHARSET=utf8 COLLATE=utf8_bin;

-- ----------------------------
-- Records of act_re_deployment
-- ----------------------------
INSERT INTO `act_re_deployment` VALUES ('12502', '我来测试', null, '', '2015-05-22 23:50:56');
INSERT INTO `act_re_deployment` VALUES ('12504', '我来测试', null, '', '2015-05-22 23:52:21');
INSERT INTO `act_re_deployment` VALUES ('17524', '客户审批流程', null, '', '2015-05-23 09:38:54');
INSERT INTO `act_re_deployment` VALUES ('22501', '客户审批流程', null, '', '2015-05-25 01:05:08');

-- ----------------------------
-- Table structure for act_re_model
-- ----------------------------
DROP TABLE IF EXISTS `act_re_model`;
CREATE TABLE `act_re_model` (
  `ID_` varchar(64) COLLATE utf8_bin NOT NULL,
  `REV_` int(11) DEFAULT NULL,
  `NAME_` varchar(255) COLLATE utf8_bin DEFAULT NULL,
  `KEY_` varchar(255) COLLATE utf8_bin DEFAULT NULL,
  `CATEGORY_` varchar(255) COLLATE utf8_bin DEFAULT NULL,
  `CREATE_TIME_` timestamp NULL DEFAULT NULL,
  `LAST_UPDATE_TIME_` timestamp NULL DEFAULT NULL,
  `VERSION_` int(11) DEFAULT NULL,
  `META_INFO_` varchar(4000) COLLATE utf8_bin DEFAULT NULL,
  `DEPLOYMENT_ID_` varchar(64) COLLATE utf8_bin DEFAULT NULL,
  `EDITOR_SOURCE_VALUE_ID_` varchar(64) COLLATE utf8_bin DEFAULT NULL,
  `EDITOR_SOURCE_EXTRA_VALUE_ID_` varchar(64) COLLATE utf8_bin DEFAULT NULL,
  `TENANT_ID_` varchar(255) COLLATE utf8_bin DEFAULT '',
  PRIMARY KEY (`ID_`),
  KEY `ACT_FK_MODEL_SOURCE` (`EDITOR_SOURCE_VALUE_ID_`),
  KEY `ACT_FK_MODEL_SOURCE_EXTRA` (`EDITOR_SOURCE_EXTRA_VALUE_ID_`),
  KEY `ACT_FK_MODEL_DEPLOYMENT` (`DEPLOYMENT_ID_`),
  CONSTRAINT `ACT_FK_MODEL_DEPLOYMENT` FOREIGN KEY (`DEPLOYMENT_ID_`) REFERENCES `act_re_deployment` (`ID_`),
  CONSTRAINT `ACT_FK_MODEL_SOURCE` FOREIGN KEY (`EDITOR_SOURCE_VALUE_ID_`) REFERENCES `act_ge_bytearray` (`ID_`),
  CONSTRAINT `ACT_FK_MODEL_SOURCE_EXTRA` FOREIGN KEY (`EDITOR_SOURCE_EXTRA_VALUE_ID_`) REFERENCES `act_ge_bytearray` (`ID_`)
) ENGINE=InnoDB DEFAULT CHARSET=utf8 COLLATE=utf8_bin;

-- ----------------------------
-- Records of act_re_model
-- ----------------------------
INSERT INTO `act_re_model` VALUES ('17501', '10', '客户审批流程', 'CustomerFlow', null, '2015-05-23 09:17:58', '2015-05-25 01:19:38', '1', '{\"name\":\"客户审批流程\",\"revision\":1,\"description\":\"审批客户\"}', null, '17502', '17503', '');
INSERT INTO `act_re_model` VALUES ('20001', '2', 'haha', 'haha', null, '2015-05-25 00:59:52', '2015-05-25 00:59:52', '1', '{\"name\":\"haha\",\"revision\":1,\"description\":\"ashaha\"}', null, '20002', null, '');

-- ----------------------------
-- Table structure for act_re_procdef
-- ----------------------------
DROP TABLE IF EXISTS `act_re_procdef`;
CREATE TABLE `act_re_procdef` (
  `ID_` varchar(64) COLLATE utf8_bin NOT NULL,
  `REV_` int(11) DEFAULT NULL,
  `CATEGORY_` varchar(255) COLLATE utf8_bin DEFAULT NULL,
  `NAME_` varchar(255) COLLATE utf8_bin DEFAULT NULL,
  `KEY_` varchar(255) COLLATE utf8_bin NOT NULL,
  `VERSION_` int(11) NOT NULL,
  `DEPLOYMENT_ID_` varchar(64) COLLATE utf8_bin DEFAULT NULL,
  `RESOURCE_NAME_` varchar(4000) COLLATE utf8_bin DEFAULT NULL,
  `DGRM_RESOURCE_NAME_` varchar(4000) COLLATE utf8_bin DEFAULT NULL,
  `DESCRIPTION_` varchar(4000) COLLATE utf8_bin DEFAULT NULL,
  `HAS_START_FORM_KEY_` tinyint(4) DEFAULT NULL,
  `SUSPENSION_STATE_` int(11) DEFAULT NULL,
  `TENANT_ID_` varchar(255) COLLATE utf8_bin DEFAULT '',
  PRIMARY KEY (`ID_`),
  UNIQUE KEY `ACT_UNIQ_PROCDEF` (`KEY_`,`VERSION_`,`TENANT_ID_`)
) ENGINE=InnoDB DEFAULT CHARSET=utf8 COLLATE=utf8_bin;

-- ----------------------------
-- Records of act_re_procdef
-- ----------------------------
INSERT INTO `act_re_procdef` VALUES ('CustomerFlow:1:17527', '1', 'http://www.activiti.org/processdef', '客户审批路程', 'CustomerFlow', '1', '17524', '客户审批流程.bpmn20.xml', '客户审批流程.CustomerFlow.png', null, '0', '1', '');
INSERT INTO `act_re_procdef` VALUES ('CustomerFlow:2:22504', '1', 'http://www.activiti.org/processdef', '客户审批路程', 'CustomerFlow', '2', '22501', '客户审批流程.bpmn20.xml', '客户审批流程.CustomerFlow.png', null, '0', '1', '');

-- ----------------------------
-- Table structure for act_ru_event_subscr
-- ----------------------------
DROP TABLE IF EXISTS `act_ru_event_subscr`;
CREATE TABLE `act_ru_event_subscr` (
  `ID_` varchar(64) COLLATE utf8_bin NOT NULL,
  `REV_` int(11) DEFAULT NULL,
  `EVENT_TYPE_` varchar(255) COLLATE utf8_bin NOT NULL,
  `EVENT_NAME_` varchar(255) COLLATE utf8_bin DEFAULT NULL,
  `EXECUTION_ID_` varchar(64) COLLATE utf8_bin DEFAULT NULL,
  `PROC_INST_ID_` varchar(64) COLLATE utf8_bin DEFAULT NULL,
  `ACTIVITY_ID_` varchar(64) COLLATE utf8_bin DEFAULT NULL,
  `CONFIGURATION_` varchar(255) COLLATE utf8_bin DEFAULT NULL,
  `CREATED_` timestamp NOT NULL DEFAULT CURRENT_TIMESTAMP,
  `PROC_DEF_ID_` varchar(64) COLLATE utf8_bin DEFAULT NULL,
  `TENANT_ID_` varchar(255) COLLATE utf8_bin DEFAULT '',
  PRIMARY KEY (`ID_`),
  KEY `ACT_IDX_EVENT_SUBSCR_CONFIG_` (`CONFIGURATION_`),
  KEY `ACT_FK_EVENT_EXEC` (`EXECUTION_ID_`),
  CONSTRAINT `ACT_FK_EVENT_EXEC` FOREIGN KEY (`EXECUTION_ID_`) REFERENCES `act_ru_execution` (`ID_`)
) ENGINE=InnoDB DEFAULT CHARSET=utf8 COLLATE=utf8_bin;

-- ----------------------------
-- Records of act_ru_event_subscr
-- ----------------------------

-- ----------------------------
-- Table structure for act_ru_execution
-- ----------------------------
DROP TABLE IF EXISTS `act_ru_execution`;
CREATE TABLE `act_ru_execution` (
  `ID_` varchar(64) COLLATE utf8_bin NOT NULL DEFAULT '',
  `REV_` int(11) DEFAULT NULL,
  `PROC_INST_ID_` varchar(64) COLLATE utf8_bin DEFAULT NULL,
  `BUSINESS_KEY_` varchar(255) COLLATE utf8_bin DEFAULT NULL,
  `PARENT_ID_` varchar(64) COLLATE utf8_bin DEFAULT NULL,
  `PROC_DEF_ID_` varchar(64) COLLATE utf8_bin DEFAULT NULL,
  `SUPER_EXEC_` varchar(64) COLLATE utf8_bin DEFAULT NULL,
  `ACT_ID_` varchar(255) COLLATE utf8_bin DEFAULT NULL,
  `IS_ACTIVE_` tinyint(4) DEFAULT NULL,
  `IS_CONCURRENT_` tinyint(4) DEFAULT NULL,
  `IS_SCOPE_` tinyint(4) DEFAULT NULL,
  `IS_EVENT_SCOPE_` tinyint(4) DEFAULT NULL,
  `SUSPENSION_STATE_` int(11) DEFAULT NULL,
  `CACHED_ENT_STATE_` int(11) DEFAULT NULL,
  `TENANT_ID_` varchar(255) COLLATE utf8_bin DEFAULT '',
  `NAME_` varchar(255) COLLATE utf8_bin DEFAULT NULL,
  PRIMARY KEY (`ID_`),
  KEY `ACT_IDX_EXEC_BUSKEY` (`BUSINESS_KEY_`),
  KEY `ACT_FK_EXE_PROCINST` (`PROC_INST_ID_`),
  KEY `ACT_FK_EXE_PARENT` (`PARENT_ID_`),
  KEY `ACT_FK_EXE_SUPER` (`SUPER_EXEC_`),
  KEY `ACT_FK_EXE_PROCDEF` (`PROC_DEF_ID_`),
  CONSTRAINT `ACT_FK_EXE_PARENT` FOREIGN KEY (`PARENT_ID_`) REFERENCES `act_ru_execution` (`ID_`),
  CONSTRAINT `ACT_FK_EXE_PROCDEF` FOREIGN KEY (`PROC_DEF_ID_`) REFERENCES `act_re_procdef` (`ID_`),
  CONSTRAINT `ACT_FK_EXE_PROCINST` FOREIGN KEY (`PROC_INST_ID_`) REFERENCES `act_ru_execution` (`ID_`) ON DELETE CASCADE ON UPDATE CASCADE,
  CONSTRAINT `ACT_FK_EXE_SUPER` FOREIGN KEY (`SUPER_EXEC_`) REFERENCES `act_ru_execution` (`ID_`)
) ENGINE=InnoDB DEFAULT CHARSET=utf8 COLLATE=utf8_bin;

-- ----------------------------
-- Records of act_ru_execution
-- ----------------------------
INSERT INTO `act_ru_execution` VALUES ('25001', '1', '25001', 'Customer:10', null, 'CustomerFlow:2:22504', null, 'sid-CEEE0D1F-D7A4-4EBE-B84C-62CB0A579DAC', '1', '0', '1', '0', '1', '2', '', null);

-- ----------------------------
-- Table structure for act_ru_identitylink
-- ----------------------------
DROP TABLE IF EXISTS `act_ru_identitylink`;
CREATE TABLE `act_ru_identitylink` (
  `ID_` varchar(64) COLLATE utf8_bin NOT NULL DEFAULT '',
  `REV_` int(11) DEFAULT NULL,
  `GROUP_ID_` varchar(255) COLLATE utf8_bin DEFAULT NULL,
  `TYPE_` varchar(255) COLLATE utf8_bin DEFAULT NULL,
  `USER_ID_` varchar(255) COLLATE utf8_bin DEFAULT NULL,
  `TASK_ID_` varchar(64) COLLATE utf8_bin DEFAULT NULL,
  `PROC_INST_ID_` varchar(64) COLLATE utf8_bin DEFAULT NULL,
  `PROC_DEF_ID_` varchar(64) COLLATE utf8_bin DEFAULT NULL,
  PRIMARY KEY (`ID_`),
  KEY `ACT_IDX_IDENT_LNK_USER` (`USER_ID_`),
  KEY `ACT_IDX_IDENT_LNK_GROUP` (`GROUP_ID_`),
  KEY `ACT_IDX_ATHRZ_PROCEDEF` (`PROC_DEF_ID_`),
  KEY `ACT_FK_TSKASS_TASK` (`TASK_ID_`),
  KEY `ACT_FK_IDL_PROCINST` (`PROC_INST_ID_`),
  CONSTRAINT `ACT_FK_ATHRZ_PROCEDEF` FOREIGN KEY (`PROC_DEF_ID_`) REFERENCES `act_re_procdef` (`ID_`),
  CONSTRAINT `ACT_FK_IDL_PROCINST` FOREIGN KEY (`PROC_INST_ID_`) REFERENCES `act_ru_execution` (`ID_`),
  CONSTRAINT `ACT_FK_TSKASS_TASK` FOREIGN KEY (`TASK_ID_`) REFERENCES `act_ru_task` (`ID_`)
) ENGINE=InnoDB DEFAULT CHARSET=utf8 COLLATE=utf8_bin;

-- ----------------------------
-- Records of act_ru_identitylink
-- ----------------------------
INSERT INTO `act_ru_identitylink` VALUES ('25008', '1', null, 'participant', 'dahai', null, '25001', null);

-- ----------------------------
-- Table structure for act_ru_job
-- ----------------------------
DROP TABLE IF EXISTS `act_ru_job`;
CREATE TABLE `act_ru_job` (
  `ID_` varchar(64) COLLATE utf8_bin NOT NULL,
  `REV_` int(11) DEFAULT NULL,
  `TYPE_` varchar(255) COLLATE utf8_bin NOT NULL,
  `LOCK_EXP_TIME_` timestamp NULL DEFAULT NULL,
  `LOCK_OWNER_` varchar(255) COLLATE utf8_bin DEFAULT NULL,
  `EXCLUSIVE_` tinyint(1) DEFAULT NULL,
  `EXECUTION_ID_` varchar(64) COLLATE utf8_bin DEFAULT NULL,
  `PROCESS_INSTANCE_ID_` varchar(64) COLLATE utf8_bin DEFAULT NULL,
  `PROC_DEF_ID_` varchar(64) COLLATE utf8_bin DEFAULT NULL,
  `RETRIES_` int(11) DEFAULT NULL,
  `EXCEPTION_STACK_ID_` varchar(64) COLLATE utf8_bin DEFAULT NULL,
  `EXCEPTION_MSG_` varchar(4000) COLLATE utf8_bin DEFAULT NULL,
  `DUEDATE_` timestamp NULL DEFAULT NULL,
  `REPEAT_` varchar(255) COLLATE utf8_bin DEFAULT NULL,
  `HANDLER_TYPE_` varchar(255) COLLATE utf8_bin DEFAULT NULL,
  `HANDLER_CFG_` varchar(4000) COLLATE utf8_bin DEFAULT NULL,
  `TENANT_ID_` varchar(255) COLLATE utf8_bin DEFAULT '',
  PRIMARY KEY (`ID_`),
  KEY `ACT_FK_JOB_EXCEPTION` (`EXCEPTION_STACK_ID_`),
  CONSTRAINT `ACT_FK_JOB_EXCEPTION` FOREIGN KEY (`EXCEPTION_STACK_ID_`) REFERENCES `act_ge_bytearray` (`ID_`)
) ENGINE=InnoDB DEFAULT CHARSET=utf8 COLLATE=utf8_bin;

-- ----------------------------
-- Records of act_ru_job
-- ----------------------------

-- ----------------------------
-- Table structure for act_ru_task
-- ----------------------------
DROP TABLE IF EXISTS `act_ru_task`;
CREATE TABLE `act_ru_task` (
  `ID_` varchar(64) COLLATE utf8_bin NOT NULL DEFAULT '',
  `REV_` int(11) DEFAULT NULL,
  `EXECUTION_ID_` varchar(64) COLLATE utf8_bin DEFAULT NULL,
  `PROC_INST_ID_` varchar(64) COLLATE utf8_bin DEFAULT NULL,
  `PROC_DEF_ID_` varchar(64) COLLATE utf8_bin DEFAULT NULL,
  `NAME_` varchar(255) COLLATE utf8_bin DEFAULT NULL,
  `PARENT_TASK_ID_` varchar(64) COLLATE utf8_bin DEFAULT NULL,
  `DESCRIPTION_` varchar(4000) COLLATE utf8_bin DEFAULT NULL,
  `TASK_DEF_KEY_` varchar(255) COLLATE utf8_bin DEFAULT NULL,
  `OWNER_` varchar(255) COLLATE utf8_bin DEFAULT NULL,
  `ASSIGNEE_` varchar(255) COLLATE utf8_bin DEFAULT NULL,
  `DELEGATION_` varchar(64) COLLATE utf8_bin DEFAULT NULL,
  `PRIORITY_` int(11) DEFAULT NULL,
  `CREATE_TIME_` timestamp NOT NULL DEFAULT CURRENT_TIMESTAMP ON UPDATE CURRENT_TIMESTAMP,
  `DUE_DATE_` datetime DEFAULT NULL,
  `CATEGORY_` varchar(255) COLLATE utf8_bin DEFAULT NULL,
  `SUSPENSION_STATE_` int(11) DEFAULT NULL,
  `TENANT_ID_` varchar(255) COLLATE utf8_bin DEFAULT '',
  `FORM_KEY_` varchar(255) COLLATE utf8_bin DEFAULT NULL,
  PRIMARY KEY (`ID_`),
  KEY `ACT_IDX_TASK_CREATE` (`CREATE_TIME_`),
  KEY `ACT_FK_TASK_EXE` (`EXECUTION_ID_`),
  KEY `ACT_FK_TASK_PROCINST` (`PROC_INST_ID_`),
  KEY `ACT_FK_TASK_PROCDEF` (`PROC_DEF_ID_`),
  CONSTRAINT `ACT_FK_TASK_EXE` FOREIGN KEY (`EXECUTION_ID_`) REFERENCES `act_ru_execution` (`ID_`),
  CONSTRAINT `ACT_FK_TASK_PROCDEF` FOREIGN KEY (`PROC_DEF_ID_`) REFERENCES `act_re_procdef` (`ID_`),
  CONSTRAINT `ACT_FK_TASK_PROCINST` FOREIGN KEY (`PROC_INST_ID_`) REFERENCES `act_ru_execution` (`ID_`)
) ENGINE=InnoDB DEFAULT CHARSET=utf8 COLLATE=utf8_bin;

-- ----------------------------
-- Records of act_ru_task
-- ----------------------------
INSERT INTO `act_ru_task` VALUES ('25007', '1', '25001', '25001', 'CustomerFlow:2:22504', '确认客户信息', null, null, 'sid-CEEE0D1F-D7A4-4EBE-B84C-62CB0A579DAC', null, 'dahai', null, '50', '2015-06-22 21:44:49', null, null, '1', '', 'showConfirmInfoForm');

-- ----------------------------
-- Table structure for act_ru_variable
-- ----------------------------
DROP TABLE IF EXISTS `act_ru_variable`;
CREATE TABLE `act_ru_variable` (
  `ID_` varchar(64) COLLATE utf8_bin NOT NULL,
  `REV_` int(11) DEFAULT NULL,
  `TYPE_` varchar(255) COLLATE utf8_bin NOT NULL,
  `NAME_` varchar(255) COLLATE utf8_bin NOT NULL,
  `EXECUTION_ID_` varchar(64) COLLATE utf8_bin DEFAULT NULL,
  `PROC_INST_ID_` varchar(64) COLLATE utf8_bin DEFAULT NULL,
  `TASK_ID_` varchar(64) COLLATE utf8_bin DEFAULT NULL,
  `BYTEARRAY_ID_` varchar(64) COLLATE utf8_bin DEFAULT NULL,
  `DOUBLE_` double DEFAULT NULL,
  `LONG_` bigint(20) DEFAULT NULL,
  `TEXT_` varchar(4000) COLLATE utf8_bin DEFAULT NULL,
  `TEXT2_` varchar(4000) COLLATE utf8_bin DEFAULT NULL,
  PRIMARY KEY (`ID_`),
  KEY `ACT_IDX_VARIABLE_TASK_ID` (`TASK_ID_`),
  KEY `ACT_FK_VAR_EXE` (`EXECUTION_ID_`),
  KEY `ACT_FK_VAR_PROCINST` (`PROC_INST_ID_`),
  KEY `ACT_FK_VAR_BYTEARRAY` (`BYTEARRAY_ID_`),
  CONSTRAINT `ACT_FK_VAR_BYTEARRAY` FOREIGN KEY (`BYTEARRAY_ID_`) REFERENCES `act_ge_bytearray` (`ID_`),
  CONSTRAINT `ACT_FK_VAR_EXE` FOREIGN KEY (`EXECUTION_ID_`) REFERENCES `act_ru_execution` (`ID_`),
  CONSTRAINT `ACT_FK_VAR_PROCINST` FOREIGN KEY (`PROC_INST_ID_`) REFERENCES `act_ru_execution` (`ID_`)
) ENGINE=InnoDB DEFAULT CHARSET=utf8 COLLATE=utf8_bin;

-- ----------------------------
-- Records of act_ru_variable
-- ----------------------------
INSERT INTO `act_ru_variable` VALUES ('25003', '1', 'long', 'objId', '25001', '25001', null, null, null, '10', '10', null);
INSERT INTO `act_ru_variable` VALUES ('25004', '1', 'string', 'classType', '25001', '25001', null, null, null, null, 'Customer', null);
INSERT INTO `act_ru_variable` VALUES ('25005', '1', 'string', 'seller', '25001', '25001', null, null, null, null, 'dahai', null);

-- ----------------------------
-- Table structure for test
-- ----------------------------
DROP TABLE IF EXISTS `test`;
CREATE TABLE `test` (
  `rq` varchar(10) DEFAULT NULL,
  `shengfu` char(1) DEFAULT NULL
) ENGINE=InnoDB DEFAULT CHARSET=utf8;

-- ----------------------------
-- Records of test
-- ----------------------------
INSERT INTO `test` VALUES ('2005-05-09', '胜');
INSERT INTO `test` VALUES ('2005-05-09', '胜');
INSERT INTO `test` VALUES ('2005-05-09', '负');
INSERT INTO `test` VALUES ('2005-05-09', '负');
INSERT INTO `test` VALUES ('2005-05-10', '胜');
INSERT INTO `test` VALUES ('2005-05-10', '负');
INSERT INTO `test` VALUES ('2005-05-10', '负');

-- ----------------------------
-- Table structure for t_clientdevelopplan
-- ----------------------------
DROP TABLE IF EXISTS `t_clientdevelopplan`;
CREATE TABLE `t_clientdevelopplan` (
  `id` bigint(20) NOT NULL AUTO_INCREMENT,
  `sn` varchar(255) DEFAULT NULL,
  `planTime` datetime DEFAULT NULL,
  `content` varchar(255) DEFAULT NULL,
  `summary` varchar(255) DEFAULT NULL,
  `execWay_id` bigint(20) DEFAULT NULL,
  `pClient_id` bigint(20) DEFAULT NULL,
  `createStaff_id` bigint(20) DEFAULT NULL,
  `createTime` datetime DEFAULT NULL,
  PRIMARY KEY (`id`),
  KEY `execWay_id` (`execWay_id`),
  KEY `pClient_id` (`pClient_id`),
  KEY `createStaff_id` (`createStaff_id`),
  CONSTRAINT `t_clientdevelopplan_ibfk_1` FOREIGN KEY (`execWay_id`) REFERENCES `t_systemdictionarydetail` (`id`),
  CONSTRAINT `t_clientdevelopplan_ibfk_2` FOREIGN KEY (`pClient_id`) REFERENCES `t_potentialclient` (`id`),
  CONSTRAINT `t_clientdevelopplan_ibfk_3` FOREIGN KEY (`createStaff_id`) REFERENCES `t_employee` (`id`)
) ENGINE=InnoDB AUTO_INCREMENT=101 DEFAULT CHARSET=utf8;

-- ----------------------------
-- Records of t_clientdevelopplan
-- ----------------------------
INSERT INTO `t_clientdevelopplan` VALUES ('1', 'c41c0bd6', '2015-05-03 12:45:00', '计划内容0', '概要0', '21', '53', '3', '2015-05-03 12:43:46');
INSERT INTO `t_clientdevelopplan` VALUES ('2', '26cfeb32', '2015-05-03 12:43:46', '计划内容1', '概要1', '22', '93', '15', '2015-05-03 12:43:46');
INSERT INTO `t_clientdevelopplan` VALUES ('3', '689f4ea3', '2015-05-03 12:43:46', '计划内容2', '概要2', '23', '99', '21', '2015-05-03 12:43:46');
INSERT INTO `t_clientdevelopplan` VALUES ('4', '722fbd1e', '2015-05-03 12:43:46', '计划内容3', '概要3', '22', '74', '7', '2015-05-03 12:43:46');
INSERT INTO `t_clientdevelopplan` VALUES ('5', '47df7449', '2015-05-03 12:43:46', '计划内容4', '概要4', '19', '85', '13', '2015-05-03 12:43:46');
INSERT INTO `t_clientdevelopplan` VALUES ('6', 'f6dfed32', '2015-05-03 12:43:46', '计划内容5', '概要5', '23', '93', '19', '2015-05-03 12:43:46');
INSERT INTO `t_clientdevelopplan` VALUES ('7', 'c10cd93e', '2015-05-03 12:43:46', '计划内容6', '概要6', '23', '57', '12', '2015-05-03 12:43:46');
INSERT INTO `t_clientdevelopplan` VALUES ('8', 'f530be7a', '2015-05-03 12:43:46', '计划内容7', '概要7', '19', '56', '11', '2015-05-03 12:43:46');
INSERT INTO `t_clientdevelopplan` VALUES ('9', '1eaa49c0', '2015-05-03 12:43:46', '计划内容8', '概要8', '22', '35', '11', '2015-05-03 12:43:46');
INSERT INTO `t_clientdevelopplan` VALUES ('10', 'b5b81a36', '2015-05-03 12:43:46', '计划内容9', '概要9', '23', '34', '16', '2015-05-03 12:43:46');
INSERT INTO `t_clientdevelopplan` VALUES ('11', '0ee47e5b', '2015-05-03 12:43:46', '计划内容10', '概要10', '22', '96', '16', '2015-05-03 12:43:46');
INSERT INTO `t_clientdevelopplan` VALUES ('12', '85a91d79', '2015-05-03 12:43:46', '计划内容11', '概要11', '20', '78', '13', '2015-05-03 12:43:46');
INSERT INTO `t_clientdevelopplan` VALUES ('13', 'f53f1d64', '2015-05-03 12:43:46', '计划内容12', '概要12', '23', '13', '15', '2015-05-03 12:43:46');
INSERT INTO `t_clientdevelopplan` VALUES ('14', '58450dc5', '2015-05-03 12:43:46', '计划内容13', '概要13', '21', '13', '9', '2015-05-03 12:43:46');
INSERT INTO `t_clientdevelopplan` VALUES ('15', 'f458a2ec', '2015-05-03 12:43:46', '计划内容14', '概要14', '19', '26', '15', '2015-05-03 12:43:46');
INSERT INTO `t_clientdevelopplan` VALUES ('16', '33666483', '2015-05-03 12:43:46', '计划内容15', '概要15', '20', '36', '14', '2015-05-03 12:43:46');
INSERT INTO `t_clientdevelopplan` VALUES ('17', '67e47d25', '2015-05-03 12:43:46', '计划内容16', '概要16', '22', '78', '22', '2015-05-03 12:43:46');
INSERT INTO `t_clientdevelopplan` VALUES ('18', 'fff14334', '2015-05-03 12:43:46', '计划内容17', '概要17', '20', '44', '16', '2015-05-03 12:43:46');
INSERT INTO `t_clientdevelopplan` VALUES ('19', '6b804a43', '2015-05-03 12:43:46', '计划内容18', '概要18', '22', '3', '7', '2015-05-03 12:43:46');
INSERT INTO `t_clientdevelopplan` VALUES ('20', '48b3f3e0', '2015-05-03 12:43:46', '计划内容19', '概要19', '19', '70', '14', '2015-05-03 12:43:46');
INSERT INTO `t_clientdevelopplan` VALUES ('21', '633d78fd', '2015-05-03 12:43:46', '计划内容20', '概要20', '21', '99', '18', '2015-05-03 12:43:46');
INSERT INTO `t_clientdevelopplan` VALUES ('22', 'bccba1eb', '2015-05-03 12:43:46', '计划内容21', '概要21', '21', '70', '17', '2015-05-03 12:43:46');
INSERT INTO `t_clientdevelopplan` VALUES ('23', 'f5c13f48', '2015-05-03 12:43:46', '计划内容22', '概要22', '20', '24', '10', '2015-05-03 12:43:46');
INSERT INTO `t_clientdevelopplan` VALUES ('24', '45f4d47b', '2015-05-03 12:43:46', '计划内容23', '概要23', '20', '1', '17', '2015-05-03 12:43:46');
INSERT INTO `t_clientdevelopplan` VALUES ('25', '504dd102', '2015-05-03 12:43:46', '计划内容24', '概要24', '22', '91', '15', '2015-05-03 12:43:46');
INSERT INTO `t_clientdevelopplan` VALUES ('26', 'be07c61e', '2015-05-03 12:43:46', '计划内容25', '概要25', '20', '58', '10', '2015-05-03 12:43:46');
INSERT INTO `t_clientdevelopplan` VALUES ('27', '98231d72', '2015-05-03 12:43:46', '计划内容26', '概要26', '22', '37', '18', '2015-05-03 12:43:46');
INSERT INTO `t_clientdevelopplan` VALUES ('28', 'c95c8220', '2015-05-03 12:43:46', '计划内容27', '概要27', '21', '89', '18', '2015-05-03 12:43:46');
INSERT INTO `t_clientdevelopplan` VALUES ('29', 'bd7828be', '2015-05-03 12:43:47', '计划内容28', '概要28', '22', '82', '2', '2015-05-03 12:43:47');
INSERT INTO `t_clientdevelopplan` VALUES ('30', 'bb4bd510', '2015-05-03 12:43:47', '计划内容29', '概要29', '22', '80', '22', '2015-05-03 12:43:47');
INSERT INTO `t_clientdevelopplan` VALUES ('31', '61b1e493', '2015-05-03 12:43:47', '计划内容30', '概要30', '22', '8', '12', '2015-05-03 12:43:47');
INSERT INTO `t_clientdevelopplan` VALUES ('32', 'c750da6c', '2015-05-03 12:43:47', '计划内容31', '概要31', '20', '66', '20', '2015-05-03 12:43:47');
INSERT INTO `t_clientdevelopplan` VALUES ('33', '9d32eaa0', '2015-05-03 12:43:47', '计划内容32', '概要32', '20', '86', '16', '2015-05-03 12:43:47');
INSERT INTO `t_clientdevelopplan` VALUES ('34', 'a7ae51f8', '2015-05-03 12:43:47', '计划内容33', '概要33', '23', '32', '16', '2015-05-03 12:43:47');
INSERT INTO `t_clientdevelopplan` VALUES ('35', '6831f684', '2015-05-03 12:43:47', '计划内容34', '概要34', '20', '89', '18', '2015-05-03 12:43:47');
INSERT INTO `t_clientdevelopplan` VALUES ('36', '9f130427', '2015-05-03 12:43:47', '计划内容35', '概要35', '22', '60', '7', '2015-05-03 12:43:47');
INSERT INTO `t_clientdevelopplan` VALUES ('37', 'ea125e3f', '2015-05-03 12:43:47', '计划内容36', '概要36', '22', '67', '11', '2015-05-03 12:43:47');
INSERT INTO `t_clientdevelopplan` VALUES ('38', 'fda2f8fd', '2015-05-03 12:43:47', '计划内容37', '概要37', '20', '62', '17', '2015-05-03 12:43:47');
INSERT INTO `t_clientdevelopplan` VALUES ('39', '7c7f3cc0', '2015-05-03 12:43:47', '计划内容38', '概要38', '23', '72', '13', '2015-05-03 12:43:47');
INSERT INTO `t_clientdevelopplan` VALUES ('40', '5148d6ae', '2015-05-03 12:43:47', '计划内容39', '概要39', '21', '4', '19', '2015-05-03 12:43:47');
INSERT INTO `t_clientdevelopplan` VALUES ('41', '3937a504', '2015-05-03 12:43:47', '计划内容40', '概要40', '19', '85', '13', '2015-05-03 12:43:47');
INSERT INTO `t_clientdevelopplan` VALUES ('42', 'ab51eee0', '2015-05-03 12:43:47', '计划内容41', '概要41', '20', '34', '5', '2015-05-03 12:43:47');
INSERT INTO `t_clientdevelopplan` VALUES ('43', 'f757c2ee', '2015-05-03 12:43:47', '计划内容42', '概要42', '22', '66', '14', '2015-05-03 12:43:47');
INSERT INTO `t_clientdevelopplan` VALUES ('44', 'e3c808f3', '2015-05-03 12:43:47', '计划内容43', '概要43', '20', '61', '8', '2015-05-03 12:43:47');
INSERT INTO `t_clientdevelopplan` VALUES ('45', 'f2a1cdc5', '2015-05-03 12:43:47', '计划内容44', '概要44', '21', '44', '12', '2015-05-03 12:43:47');
INSERT INTO `t_clientdevelopplan` VALUES ('46', '5475afc0', '2015-05-03 12:43:47', '计划内容45', '概要45', '21', '58', '15', '2015-05-03 12:43:47');
INSERT INTO `t_clientdevelopplan` VALUES ('47', '5977d630', '2015-05-03 12:43:47', '计划内容46', '概要46', '22', '47', '22', '2015-05-03 12:43:47');
INSERT INTO `t_clientdevelopplan` VALUES ('48', '31cf8c7d', '2015-05-03 12:43:47', '计划内容47', '概要47', '23', '84', '19', '2015-05-03 12:43:47');
INSERT INTO `t_clientdevelopplan` VALUES ('49', '0d818839', '2015-05-03 12:43:47', '计划内容48', '概要48', '19', '17', '17', '2015-05-03 12:43:47');
INSERT INTO `t_clientdevelopplan` VALUES ('50', '987a80fc', '2015-05-03 12:43:47', '计划内容49', '概要49', '20', '75', '20', '2015-05-03 12:43:47');
INSERT INTO `t_clientdevelopplan` VALUES ('51', 'd287b0e2', '2015-05-03 12:43:47', '计划内容50', '概要50', '22', '96', '9', '2015-05-03 12:43:47');
INSERT INTO `t_clientdevelopplan` VALUES ('52', 'd73b9daa', '2015-05-03 12:43:47', '计划内容51', '概要51', '19', '20', '9', '2015-05-03 12:43:47');
INSERT INTO `t_clientdevelopplan` VALUES ('53', '4bba7c6a', '2015-05-03 12:43:47', '计划内容52', '概要52', '19', '53', '16', '2015-05-03 12:43:47');
INSERT INTO `t_clientdevelopplan` VALUES ('54', 'c21d0052', '2015-05-03 12:43:47', '计划内容53', '概要53', '20', '17', '2', '2015-05-03 12:43:47');
INSERT INTO `t_clientdevelopplan` VALUES ('55', 'c6f3f86b', '2015-05-03 12:43:47', '计划内容54', '概要54', '21', '35', '11', '2015-05-03 12:43:47');
INSERT INTO `t_clientdevelopplan` VALUES ('56', 'a215d945', '2015-05-03 12:43:47', '计划内容55', '概要55', '20', '61', '13', '2015-05-03 12:43:47');
INSERT INTO `t_clientdevelopplan` VALUES ('57', '9b01ca6e', '2015-05-03 12:43:47', '计划内容56', '概要56', '22', '2', '5', '2015-05-03 12:43:47');
INSERT INTO `t_clientdevelopplan` VALUES ('58', '474c9a5e', '2015-05-03 12:43:47', '计划内容57', '概要57', '19', '14', '10', '2015-05-03 12:43:47');
INSERT INTO `t_clientdevelopplan` VALUES ('59', '0386f9eb', '2015-05-03 12:43:47', '计划内容58', '概要58', '23', '32', '22', '2015-05-03 12:43:47');
INSERT INTO `t_clientdevelopplan` VALUES ('60', '433d41ca', '2015-05-03 12:43:47', '计划内容59', '概要59', '21', '52', '15', '2015-05-03 12:43:47');
INSERT INTO `t_clientdevelopplan` VALUES ('61', '484a2908', '2015-05-03 12:43:47', '计划内容60', '概要60', '19', '98', '21', '2015-05-03 12:43:47');
INSERT INTO `t_clientdevelopplan` VALUES ('62', 'd3b316e2', '2015-05-03 12:43:47', '计划内容61', '概要61', '21', '62', '20', '2015-05-03 12:43:47');
INSERT INTO `t_clientdevelopplan` VALUES ('63', '4a28ed15', '2015-05-03 12:43:47', '计划内容62', '概要62', '21', '64', '12', '2015-05-03 12:43:47');
INSERT INTO `t_clientdevelopplan` VALUES ('64', 'b7f0c95a', '2015-05-03 12:43:47', '计划内容63', '概要63', '20', '57', '13', '2015-05-03 12:43:47');
INSERT INTO `t_clientdevelopplan` VALUES ('65', 'c369e3c7', '2015-05-03 12:43:47', '计划内容64', '概要64', '22', '72', '5', '2015-05-03 12:43:47');
INSERT INTO `t_clientdevelopplan` VALUES ('66', 'd5228d66', '2015-05-03 12:43:47', '计划内容65', '概要65', '20', '77', '14', '2015-05-03 12:43:47');
INSERT INTO `t_clientdevelopplan` VALUES ('67', '90c1548f', '2015-05-03 12:43:47', '计划内容66', '概要66', '21', '28', '21', '2015-05-03 12:43:47');
INSERT INTO `t_clientdevelopplan` VALUES ('68', 'fac76d6e', '2015-05-03 12:43:47', '计划内容67', '概要67', '21', '41', '19', '2015-05-03 12:43:47');
INSERT INTO `t_clientdevelopplan` VALUES ('69', '7e2b2027', '2015-05-03 12:43:47', '计划内容68', '概要68', '22', '31', '16', '2015-05-03 12:43:47');
INSERT INTO `t_clientdevelopplan` VALUES ('70', '13544ae0', '2015-05-03 12:43:47', '计划内容69', '概要69', '20', '6', '5', '2015-05-03 12:43:47');
INSERT INTO `t_clientdevelopplan` VALUES ('71', '5d880359', '2015-05-03 12:43:47', '计划内容70', '概要70', '20', '27', '6', '2015-05-03 12:43:47');
INSERT INTO `t_clientdevelopplan` VALUES ('72', '7e34335d', '2015-05-03 12:43:47', '计划内容71', '概要71', '19', '84', '7', '2015-05-03 12:43:47');
INSERT INTO `t_clientdevelopplan` VALUES ('73', 'ef856730', '2015-05-03 12:43:47', '计划内容72', '概要72', '19', '85', '16', '2015-05-03 12:43:47');
INSERT INTO `t_clientdevelopplan` VALUES ('74', '1b27a5e8', '2015-05-03 12:43:47', '计划内容73', '概要73', '20', '37', '19', '2015-05-03 12:43:47');
INSERT INTO `t_clientdevelopplan` VALUES ('75', 'f90ffb3a', '2015-05-03 12:43:47', '计划内容74', '概要74', '20', '64', '3', '2015-05-03 12:43:47');
INSERT INTO `t_clientdevelopplan` VALUES ('76', 'bb4a58f3', '2015-05-03 12:43:47', '计划内容75', '概要75', '22', '35', '11', '2015-05-03 12:43:47');
INSERT INTO `t_clientdevelopplan` VALUES ('77', 'e4c63cac', '2015-05-03 12:43:47', '计划内容76', '概要76', '20', '61', '11', '2015-05-03 12:43:47');
INSERT INTO `t_clientdevelopplan` VALUES ('78', 'fd4e13c0', '2015-05-03 12:43:47', '计划内容77', '概要77', '23', '55', '18', '2015-05-03 12:43:47');
INSERT INTO `t_clientdevelopplan` VALUES ('79', '29e19207', '2015-05-03 12:43:47', '计划内容78', '概要78', '20', '64', '19', '2015-05-03 12:43:47');
INSERT INTO `t_clientdevelopplan` VALUES ('80', '6ec3963e', '2015-05-03 12:43:47', '计划内容79', '概要79', '21', '17', '10', '2015-05-03 12:43:47');
INSERT INTO `t_clientdevelopplan` VALUES ('81', 'ce26f3fb', '2015-05-03 12:43:47', '计划内容80', '概要80', '23', '81', '11', '2015-05-03 12:43:47');
INSERT INTO `t_clientdevelopplan` VALUES ('82', '3bb65956', '2015-05-03 12:43:47', '计划内容81', '概要81', '22', '70', '19', '2015-05-03 12:43:47');
INSERT INTO `t_clientdevelopplan` VALUES ('83', '00fff810', '2015-05-03 12:43:47', '计划内容82', '概要82', '21', '1', '19', '2015-05-03 12:43:47');
INSERT INTO `t_clientdevelopplan` VALUES ('84', '0a0f7f98', '2015-05-03 12:43:47', '计划内容83', '概要83', '21', '88', '5', '2015-05-03 12:43:47');
INSERT INTO `t_clientdevelopplan` VALUES ('85', '1a84b94e', '2015-05-03 12:43:47', '计划内容84', '概要84', '19', '91', '11', '2015-05-03 12:43:47');
INSERT INTO `t_clientdevelopplan` VALUES ('86', '158566b2', '2015-05-03 12:43:47', '计划内容85', '概要85', '19', '80', '19', '2015-05-03 12:43:47');
INSERT INTO `t_clientdevelopplan` VALUES ('87', '6c66dd19', '2015-05-03 12:43:47', '计划内容86', '概要86', '20', '4', '5', '2015-05-03 12:43:47');
INSERT INTO `t_clientdevelopplan` VALUES ('88', '9d3fb818', '2015-05-03 12:43:47', '计划内容87', '概要87', '19', '31', '16', '2015-05-03 12:43:47');
INSERT INTO `t_clientdevelopplan` VALUES ('89', '50e9ed6d', '2015-05-03 12:43:47', '计划内容88', '概要88', '20', '51', '15', '2015-05-03 12:43:47');
INSERT INTO `t_clientdevelopplan` VALUES ('90', '48949305', '2015-05-03 12:43:47', '计划内容89', '概要89', '19', '78', '12', '2015-05-03 12:43:47');
INSERT INTO `t_clientdevelopplan` VALUES ('91', 'c615ebf0', '2015-05-03 12:43:47', '计划内容90', '概要90', '19', '53', '3', '2015-05-03 12:43:47');
INSERT INTO `t_clientdevelopplan` VALUES ('92', '8aef89b6', '2015-05-03 12:43:47', '计划内容91', '概要91', '21', '64', '5', '2015-05-03 12:43:47');
INSERT INTO `t_clientdevelopplan` VALUES ('93', 'eb5acd34', '2015-05-03 12:43:47', '计划内容92', '概要92', '20', '2', '7', '2015-05-03 12:43:47');
INSERT INTO `t_clientdevelopplan` VALUES ('94', 'e14bd535', '2015-05-03 12:43:47', '计划内容93', '概要93', '19', '75', '2', '2015-05-03 12:43:47');
INSERT INTO `t_clientdevelopplan` VALUES ('95', 'ea5c87b3', '2015-05-03 12:43:47', '计划内容94', '概要94', '21', '92', '3', '2015-05-03 12:43:47');
INSERT INTO `t_clientdevelopplan` VALUES ('96', '053806e2', '2015-05-03 12:43:47', '计划内容95', '概要95', '23', '60', '14', '2015-05-03 12:43:47');
INSERT INTO `t_clientdevelopplan` VALUES ('97', '55741924', '2015-05-03 12:43:47', '计划内容96', '概要96', '22', '86', '3', '2015-05-03 12:43:47');
INSERT INTO `t_clientdevelopplan` VALUES ('98', '934faae2', '2015-05-03 12:43:47', '计划内容97', '概要97', '23', '65', '21', '2015-05-03 12:43:47');
INSERT INTO `t_clientdevelopplan` VALUES ('99', '5b766ab6', '2015-05-03 12:43:47', '计划内容98', '概要98', '19', '13', '21', '2015-05-03 12:43:47');
INSERT INTO `t_clientdevelopplan` VALUES ('100', '2f404cfe', '2015-05-03 12:43:47', '计划内容99', '概要99', '21', '91', '14', '2015-05-03 12:43:47');

-- ----------------------------
-- Table structure for t_contract
-- ----------------------------
DROP TABLE IF EXISTS `t_contract`;
CREATE TABLE `t_contract` (
  `id` bigint(20) NOT NULL AUTO_INCREMENT,
  `sn` varchar(30) DEFAULT NULL,
  `sginDate` date DEFAULT NULL,
  `contractAmount` decimal(10,0) DEFAULT NULL,
  `intro` varchar(100) DEFAULT NULL,
  `saler_id` bigint(20) DEFAULT NULL,
  `customer_id` bigint(20) DEFAULT NULL,
  PRIMARY KEY (`id`)
) ENGINE=InnoDB AUTO_INCREMENT=6 DEFAULT CHARSET=utf8;

-- ----------------------------
-- Records of t_contract
-- ----------------------------
INSERT INTO `t_contract` VALUES ('2', 'c1430716714772', '2015-05-04', '22222', 'sssss', '3', '1');
INSERT INTO `t_contract` VALUES ('3', 'c1430716748055', '2015-05-04', '3311223', 'xxx', '2', '2');
INSERT INTO `t_contract` VALUES ('4', 'c1430721765511', '2015-05-04', '3311223', 'xxx', '2', '2');
INSERT INTO `t_contract` VALUES ('5', 'c1430725165619', '2015-05-04', '3311223', 'xxx', '5', '2');

-- ----------------------------
-- Table structure for t_contractpayitem
-- ----------------------------
DROP TABLE IF EXISTS `t_contractpayitem`;
CREATE TABLE `t_contractpayitem` (
  `id` bigint(20) NOT NULL AUTO_INCREMENT,
  `payDate` date DEFAULT NULL,
  `payAmount` decimal(10,0) DEFAULT NULL,
  `payProcent` decimal(10,5) DEFAULT NULL,
  `status` int(11) DEFAULT NULL,
  `contract_id` bigint(20) DEFAULT NULL,
  PRIMARY KEY (`id`)
) ENGINE=InnoDB AUTO_INCREMENT=17 DEFAULT CHARSET=utf8;

-- ----------------------------
-- Records of t_contractpayitem
-- ----------------------------
INSERT INTO `t_contractpayitem` VALUES ('1', '2015-04-08', '1110', '0.10000', '-1', '2');
INSERT INTO `t_contractpayitem` VALUES ('2', '2015-05-05', '20001', '0.20000', '-1', '2');
INSERT INTO `t_contractpayitem` VALUES ('4', '2015-05-20', '78', null, '-1', '2');
INSERT INTO `t_contractpayitem` VALUES ('13', '2015-05-05', '11111', '0.10000', '-1', '2');
INSERT INTO `t_contractpayitem` VALUES ('14', '2015-05-14', '1212', '90.00000', '0', '2');
INSERT INTO `t_contractpayitem` VALUES ('15', '2015-05-12', '123', '12.00000', '0', '2');
INSERT INTO `t_contractpayitem` VALUES ('16', '2015-05-12', '123', '12.00000', '0', '2');

-- ----------------------------
-- Table structure for t_customer
-- ----------------------------
DROP TABLE IF EXISTS `t_customer`;
CREATE TABLE `t_customer` (
  `id` bigint(20) NOT NULL AUTO_INCREMENT,
  `name` varchar(20) DEFAULT NULL,
  `age` int(11) DEFAULT NULL,
  `gender` int(11) DEFAULT NULL,
  `tel` varchar(20) DEFAULT NULL,
  `email` varchar(20) DEFAULT NULL,
  `qq` varchar(15) DEFAULT NULL,
  `weChat` varchar(20) DEFAULT NULL,
  `job_id` bigint(20) DEFAULT NULL,
  `salaryLevel_id` bigint(20) DEFAULT NULL,
  `source_id` bigint(20) DEFAULT NULL,
  `seller_id` bigint(20) DEFAULT NULL,
  `time` date DEFAULT NULL,
  `status` int(11) DEFAULT NULL,
  PRIMARY KEY (`id`),
  KEY `job_id` (`job_id`),
  KEY `salaryLevel_id` (`salaryLevel_id`),
  KEY `source_id` (`source_id`),
  KEY `seller_id` (`seller_id`),
  CONSTRAINT `t_customer_ibfk_1` FOREIGN KEY (`job_id`) REFERENCES `t_systemdictionarydetail` (`id`),
  CONSTRAINT `t_customer_ibfk_2` FOREIGN KEY (`salaryLevel_id`) REFERENCES `t_systemdictionarydetail` (`id`),
  CONSTRAINT `t_customer_ibfk_3` FOREIGN KEY (`source_id`) REFERENCES `t_systemdictionarydetail` (`id`),
  CONSTRAINT `t_customer_ibfk_4` FOREIGN KEY (`seller_id`) REFERENCES `t_employee` (`id`)
) ENGINE=InnoDB AUTO_INCREMENT=21 DEFAULT CHARSET=utf8;

-- ----------------------------
-- Records of t_customer
-- ----------------------------
INSERT INTO `t_customer` VALUES ('1', '李书记', '5', '2', '222', '', '222', '222', '2', '11', '7', '22', '2015-05-07', '2');
INSERT INTO `t_customer` VALUES ('2', '张秘书', '10', '1', '393', '295198088@qq.com', '123333`', 'w23232', '2', '11', '4', '2', '2015-05-07', '2');
INSERT INTO `t_customer` VALUES ('3', '王科长', '10', '1', '393', 'email@qq.com', 'qq', 'wechat', '2', '9', '5', '22', '2015-05-07', '2');
INSERT INTO `t_customer` VALUES ('4', '刘秘书', '33', '1', '33', 'email@qq.com', '343', '434', '2', '9', '4', '22', '2015-05-07', '1');
INSERT INTO `t_customer` VALUES ('5', 'name1好', '10', '1', '393', 'email@qq.com', 'qq', 'wechat', '3', '9', '7', '22', '2015-05-07', '2');
INSERT INTO `t_customer` VALUES ('6', '张客服', '10', '1', '393', 'email@qq.com', 'qq', 'wechat', '2', '10', '4', '22', '2015-05-07', '2');
INSERT INTO `t_customer` VALUES ('8', 'name1', '10', '1', '393', 'email@qq.com', 'qq', 'wechat', '3', '9', '4', '22', '2015-05-07', '2');
INSERT INTO `t_customer` VALUES ('9', 'nam', '10', '1', '393', '', 'qq', 'wechat', '3', '11', '4', '21', '2015-05-05', '-1');
INSERT INTO `t_customer` VALUES ('10', 'name1', '10', '1', '393', 'email@qq.com', 'qq', 'wechat', '2', '10', '4', '22', '2015-05-07', '1');
INSERT INTO `t_customer` VALUES ('13', 'name1', '10', '1', '393', '', 'qq', 'wechat', '2', '10', '4', '22', '2015-05-07', '0');
INSERT INTO `t_customer` VALUES ('18', 'ffw', '33', '2', '33', '', '', '', '2', '10', '5', '22', '2015-05-07', '0');
INSERT INTO `t_customer` VALUES ('19', '321', '31', '2', '312', '', '', '', '2', '9', '7', '22', '2015-05-07', '0');
INSERT INTO `t_customer` VALUES ('20', 'fsdfs', '33', '1', '33', '', 'dsfds', 'fdsfsd', '2', '10', '7', '22', '2015-05-07', '0');

-- ----------------------------
-- Table structure for t_customertrace
-- ----------------------------
DROP TABLE IF EXISTS `t_customertrace`;
CREATE TABLE `t_customertrace` (
  `id` bigint(20) NOT NULL AUTO_INCREMENT,
  `customer_id` bigint(20) DEFAULT NULL,
  `traceUser_id` bigint(20) DEFAULT NULL,
  `date` date DEFAULT NULL,
  `traceType_id` bigint(20) DEFAULT NULL,
  `traceResult` int(11) DEFAULT NULL,
  `theme` varchar(255) DEFAULT NULL,
  `remark` varchar(255) DEFAULT NULL,
  PRIMARY KEY (`id`),
  KEY `customer_id` (`customer_id`),
  KEY `traceUser_id` (`traceUser_id`),
  KEY `traceType_id` (`traceType_id`),
  CONSTRAINT `t_customertrace_ibfk_1` FOREIGN KEY (`customer_id`) REFERENCES `t_customer` (`id`),
  CONSTRAINT `t_customertrace_ibfk_2` FOREIGN KEY (`traceUser_id`) REFERENCES `t_employee` (`id`),
  CONSTRAINT `t_customertrace_ibfk_3` FOREIGN KEY (`traceType_id`) REFERENCES `t_systemdictionarydetail` (`id`)
) ENGINE=InnoDB AUTO_INCREMENT=14 DEFAULT CHARSET=utf8;

-- ----------------------------
-- Records of t_customertrace
-- ----------------------------
INSERT INTO `t_customertrace` VALUES ('1', '2', '2', '2015-05-10', '18', null, 'uuuu', 'u');
INSERT INTO `t_customertrace` VALUES ('2', '3', '3', '2015-05-22', '17', '0', 'theme', 'remark');
INSERT INTO `t_customertrace` VALUES ('3', '4', '2', '2015-05-22', '2', '-1', 'theme', 'remark');
INSERT INTO `t_customertrace` VALUES ('4', '3', '5', '2015-05-05', '2', '1', 'theme', 'remark');
INSERT INTO `t_customertrace` VALUES ('5', '4', '6', '2015-05-05', '18', '1', 'theme', 'remark');
INSERT INTO `t_customertrace` VALUES ('6', '5', '7', '2015-05-05', '18', '0', 'theme4', 'remark');
INSERT INTO `t_customertrace` VALUES ('7', '6', '2', '2015-05-05', '2', '1', 'theme4', 'remark');
INSERT INTO `t_customertrace` VALUES ('9', '1', '2', '2015-05-05', '18', '0', 'the', 'remark1');
INSERT INTO `t_customertrace` VALUES ('10', '1', '8', '2015-05-06', '2', '0', 'theme4', 'remark1');
INSERT INTO `t_customertrace` VALUES ('11', '5', '3', '2015-05-25', '17', '1', '', '');
INSERT INTO `t_customertrace` VALUES ('12', '1', '2', '2015-05-06', null, '0', 'theme', 'remark');
INSERT INTO `t_customertrace` VALUES ('13', '1', '2', '2015-05-07', '19', '-1', 'theme', 'remark');

-- ----------------------------
-- Table structure for t_customertranshistory
-- ----------------------------
DROP TABLE IF EXISTS `t_customertranshistory`;
CREATE TABLE `t_customertranshistory` (
  `id` bigint(20) NOT NULL AUTO_INCREMENT,
  `customer_id` bigint(20) DEFAULT NULL,
  `transUser_id` bigint(20) DEFAULT NULL,
  `transTime` date DEFAULT NULL,
  `oldSeller_id` bigint(20) DEFAULT NULL,
  `newSeller_id` bigint(20) DEFAULT NULL,
  `reason` varchar(100) DEFAULT NULL,
  PRIMARY KEY (`id`),
  KEY `customer_id` (`customer_id`),
  KEY `transUser_id` (`transUser_id`),
  KEY `oldSeller_id` (`oldSeller_id`),
  KEY `newSeller_id` (`newSeller_id`),
  CONSTRAINT `t_customertranshistory_ibfk_1` FOREIGN KEY (`customer_id`) REFERENCES `t_customer` (`id`),
  CONSTRAINT `t_customertranshistory_ibfk_2` FOREIGN KEY (`transUser_id`) REFERENCES `t_employee` (`id`),
  CONSTRAINT `t_customertranshistory_ibfk_3` FOREIGN KEY (`oldSeller_id`) REFERENCES `t_employee` (`id`),
  CONSTRAINT `t_customertranshistory_ibfk_4` FOREIGN KEY (`newSeller_id`) REFERENCES `t_employee` (`id`)
) ENGINE=InnoDB AUTO_INCREMENT=15 DEFAULT CHARSET=utf8;

-- ----------------------------
-- Records of t_customertranshistory
-- ----------------------------
INSERT INTO `t_customertranshistory` VALUES ('1', '1', '2', '2015-05-06', '3', '6', 'reason');
INSERT INTO `t_customertranshistory` VALUES ('2', '1', '6', '2015-05-06', '3', '6', 'reason');
INSERT INTO `t_customertranshistory` VALUES ('3', '1', '2', '2015-05-06', '3', '6', 'reason');
INSERT INTO `t_customertranshistory` VALUES ('4', '3', '2', '2015-05-06', '3', '6', 'reason');
INSERT INTO `t_customertranshistory` VALUES ('5', '3', '2', '2015-05-06', '3', '6', 'reason');
INSERT INTO `t_customertranshistory` VALUES ('6', '1', '2', '2015-05-06', '3', '6', 'reason');
INSERT INTO `t_customertranshistory` VALUES ('7', '1', '2', '2015-05-06', '3', '6', 'reason');
INSERT INTO `t_customertranshistory` VALUES ('8', '3', '2', '2015-04-29', '2', '6', 'vvvvv');
INSERT INTO `t_customertranshistory` VALUES ('13', '2', '3', '2015-05-05', '2', '1', 'dadasda');
INSERT INTO `t_customertranshistory` VALUES ('14', '3', '2', '2015-05-05', '2', '6', '');

-- ----------------------------
-- Table structure for t_department
-- ----------------------------
DROP TABLE IF EXISTS `t_department`;
CREATE TABLE `t_department` (
  `id` bigint(20) NOT NULL AUTO_INCREMENT,
  `deptno` varchar(20) DEFAULT NULL,
  `name` varchar(20) DEFAULT NULL,
  `manager_id` bigint(20) DEFAULT NULL,
  `parent_id` bigint(20) DEFAULT NULL,
  `status` int(11) DEFAULT NULL,
  PRIMARY KEY (`id`),
  KEY `parent_id` (`parent_id`),
  KEY `manager_id` (`manager_id`),
  CONSTRAINT `t_department_ibfk_1` FOREIGN KEY (`parent_id`) REFERENCES `t_department` (`id`),
  CONSTRAINT `t_department_ibfk_3` FOREIGN KEY (`manager_id`) REFERENCES `t_employee` (`id`)
) ENGINE=InnoDB AUTO_INCREMENT=7 DEFAULT CHARSET=utf8;

-- ----------------------------
-- Records of t_department
-- ----------------------------
INSERT INTO `t_department` VALUES ('1', 'zjb', '总经办', '2', null, '0');
INSERT INTO `t_department` VALUES ('2', 'scb', '市场部', '3', '1', '0');
INSERT INTO `t_department` VALUES ('3', 'yfb', '研发部', '6', '1', '0');
INSERT INTO `t_department` VALUES ('4', 'scb1', '市场1部', '7', '2', '-1');
INSERT INTO `t_department` VALUES ('5', 'scb2', '市场2部', '7', '2', '0');
INSERT INTO `t_department` VALUES ('6', 'yfb1', '研发1部', '5', '3', '0');

-- ----------------------------
-- Table structure for t_department_copy
-- ----------------------------
DROP TABLE IF EXISTS `t_department_copy`;
CREATE TABLE `t_department_copy` (
  `id` bigint(20) NOT NULL AUTO_INCREMENT,
  `deptno` varchar(20) DEFAULT NULL,
  `name` varchar(20) DEFAULT NULL,
  `manager_id` bigint(20) DEFAULT NULL,
  `parent_id` bigint(20) DEFAULT NULL,
  `status` int(11) DEFAULT NULL,
  PRIMARY KEY (`id`),
  KEY `parent_id` (`parent_id`),
  KEY `manager_id` (`manager_id`),
  CONSTRAINT `t_department_copy_ibfk_1` FOREIGN KEY (`parent_id`) REFERENCES `t_department` (`id`),
  CONSTRAINT `t_department_copy_ibfk_2` FOREIGN KEY (`manager_id`) REFERENCES `t_employee` (`id`)
) ENGINE=InnoDB AUTO_INCREMENT=50 DEFAULT CHARSET=utf8;

-- ----------------------------
-- Records of t_department_copy
-- ----------------------------
INSERT INTO `t_department_copy` VALUES ('1', '5833', '总经办', '6', null, '0');
INSERT INTO `t_department_copy` VALUES ('2', '9857', '市场部', '2', '1', '0');
INSERT INTO `t_department_copy` VALUES ('3', '1785', '研发部', '12', '1', '0');
INSERT INTO `t_department_copy` VALUES ('4', '9357', '市场1部', '2', '2', '0');
INSERT INTO `t_department_copy` VALUES ('5', '1428', '市场2部', '3', '2', '0');
INSERT INTO `t_department_copy` VALUES ('6', '9071', '研发1部', '3', '3', '0');
INSERT INTO `t_department_copy` VALUES ('41', '6788', '物流部', '3', '1', '-1');
INSERT INTO `t_department_copy` VALUES ('42', '3456', '生产部', '11', '4', '-1');
INSERT INTO `t_department_copy` VALUES ('43', '1234', '工程部', '3', '3', '0');
INSERT INTO `t_department_copy` VALUES ('44', '1234', '项目部', '3', '3', '-1');
INSERT INTO `t_department_copy` VALUES ('45', '9089', '国际业务部', '6', '6', '0');
INSERT INTO `t_department_copy` VALUES ('46', '5672', '非洲部', '3', '3', '-1');
INSERT INTO `t_department_copy` VALUES ('47', '2456', '研发1部', '11', '3', '0');
INSERT INTO `t_department_copy` VALUES ('48', '2321', '国际业务1部', '9', '45', '0');
INSERT INTO `t_department_copy` VALUES ('49', '7686', '国际业务2部', '10', '45', '0');

-- ----------------------------
-- Table structure for t_depositorder
-- ----------------------------
DROP TABLE IF EXISTS `t_depositorder`;
CREATE TABLE `t_depositorder` (
  `id` bigint(20) NOT NULL AUTO_INCREMENT,
  `sn` varchar(30) DEFAULT NULL,
  `sginDate` date DEFAULT NULL,
  `depositAmount` decimal(10,0) DEFAULT NULL,
  `intro` varchar(100) DEFAULT NULL,
  `saler_id` bigint(20) DEFAULT NULL,
  `customer_id` bigint(20) DEFAULT NULL,
  PRIMARY KEY (`id`),
  KEY `saler_id` (`saler_id`),
  KEY `client_id` (`customer_id`),
  CONSTRAINT `t_depositorder_ibfk_1` FOREIGN KEY (`saler_id`) REFERENCES `t_employee` (`id`)
) ENGINE=InnoDB AUTO_INCREMENT=6 DEFAULT CHARSET=utf8;

-- ----------------------------
-- Records of t_depositorder
-- ----------------------------
INSERT INTO `t_depositorder` VALUES ('1', 'd_1', '2015-05-13', '11111', 'dddd', '3', '1');
INSERT INTO `t_depositorder` VALUES ('2', 'd_2', '2015-04-09', '2222222', 'xxx', '2', '2');
INSERT INTO `t_depositorder` VALUES ('3', 'd1430615568212', '2015-05-03', '1111', 'introssssssssss', '2', '1');
INSERT INTO `t_depositorder` VALUES ('5', 'd1430621749783', '2015-05-03', '1111', 'intro', '2', '2');

-- ----------------------------
-- Table structure for t_employee
-- ----------------------------
DROP TABLE IF EXISTS `t_employee`;
CREATE TABLE `t_employee` (
  `id` bigint(20) NOT NULL AUTO_INCREMENT,
  `username` varchar(30) DEFAULT NULL,
  `truename` varchar(30) DEFAULT NULL,
  `password` varchar(32) DEFAULT NULL,
  `tel` varchar(32) DEFAULT NULL,
  `email` varchar(32) DEFAULT NULL,
  `department_id` bigint(20) DEFAULT NULL,
  `inTime` date DEFAULT NULL,
  `status` varchar(30) DEFAULT NULL,
  PRIMARY KEY (`id`),
  KEY `department_id` (`department_id`),
  CONSTRAINT `t_employee_ibfk_1` FOREIGN KEY (`department_id`) REFERENCES `t_department` (`id`)
) ENGINE=InnoDB AUTO_INCREMENT=23 DEFAULT CHARSET=utf8;

-- ----------------------------
-- Records of t_employee
-- ----------------------------
INSERT INTO `t_employee` VALUES ('2', 'admin', '超级管理员', '1', '1212123123', '11@11.com', '2', '2015-04-29', '0');
INSERT INTO `t_employee` VALUES ('3', 'admin1', '协助管理员', '1', '123123123', '22@2.com', '2', '2015-04-28', '0');
INSERT INTO `t_employee` VALUES ('5', 'admin2', '普通管理员', '1', '123123123', '44@44.com', '3', '2015-04-28', '0');
INSERT INTO `t_employee` VALUES ('6', 'admin3', '管理员', '1', '123123123', '33@33.com', '3', '2015-04-29', '0');
INSERT INTO `t_employee` VALUES ('7', 'admin4', '张三', '1', '123123123', '1@1.com', '3', '2015-04-28', '0');
INSERT INTO `t_employee` VALUES ('8', 'admin5', '张三', '1', '123123123', '1@1.com', '4', '2015-04-29', '1');
INSERT INTO `t_employee` VALUES ('9', 'admin6', '张三', '1222', '123123123', '1@1.com', '4', '2015-04-29', '1');
INSERT INTO `t_employee` VALUES ('10', 'admin7', '张三', '1', '123123123', '1@1.com', '4', '2015-04-29', '1');
INSERT INTO `t_employee` VALUES ('11', 'admin8', '张三', '1', '123123123', '1@1.com', '5', '2015-04-29', '1');
INSERT INTO `t_employee` VALUES ('12', 'admin9', '张三', '1', '123123123', '1@1.com', '5', '2015-04-29', '1');
INSERT INTO `t_employee` VALUES ('13', 'admin10', '张三', '1', '123123123', '1@1.com', '5', '2015-04-29', '1');
INSERT INTO `t_employee` VALUES ('14', 'admin11', '张三', '1', '123123123', '1@1.com', '6', '2015-04-29', '1');
INSERT INTO `t_employee` VALUES ('15', 'admin12', '张三', '1', '123123123', '1@1.com', '6', '2015-04-29', '1');
INSERT INTO `t_employee` VALUES ('16', 'admin13', '张三', '1', '123123123', '1@1.com', '6', '2015-04-29', '1');
INSERT INTO `t_employee` VALUES ('17', 'admin14', '张三', '1', '123123123', '1@1.com', '1', '2015-04-29', '1');
INSERT INTO `t_employee` VALUES ('18', 'admin15', '张三', '1', '123123123', '1@1.com', '1', '2015-04-29', '1');
INSERT INTO `t_employee` VALUES ('19', 'admin16', '李四', '1', '121212', '22@22.com', '1', '2015-04-29', '1');
INSERT INTO `t_employee` VALUES ('20', 'adm17', 'lisi', '1', '123123', '1@1.com', '5', '2015-04-29', '1');
INSERT INTO `t_employee` VALUES ('21', 'asd18', 'asd', 'asd', 'asd', '22@22.com', null, '2015-04-29', '0');
INSERT INTO `t_employee` VALUES ('22', 'dahai', '大海1', '1', 'sadf', 'sadf@sadf.com', '2', '2015-04-02', '0');

-- ----------------------------
-- Table structure for t_employee_role
-- ----------------------------
DROP TABLE IF EXISTS `t_employee_role`;
CREATE TABLE `t_employee_role` (
  `employee_id` bigint(20) NOT NULL DEFAULT '0',
  `role_id` bigint(20) NOT NULL DEFAULT '0',
  PRIMARY KEY (`employee_id`,`role_id`),
  KEY `role_id` (`role_id`),
  CONSTRAINT `t_employee_role_ibfk_1` FOREIGN KEY (`employee_id`) REFERENCES `t_employee` (`id`),
  CONSTRAINT `t_employee_role_ibfk_2` FOREIGN KEY (`role_id`) REFERENCES `t_role` (`id`)
) ENGINE=InnoDB DEFAULT CHARSET=utf8;

-- ----------------------------
-- Records of t_employee_role
-- ----------------------------
INSERT INTO `t_employee_role` VALUES ('2', '2');
INSERT INTO `t_employee_role` VALUES ('3', '3');
INSERT INTO `t_employee_role` VALUES ('5', '3');
INSERT INTO `t_employee_role` VALUES ('3', '4');
INSERT INTO `t_employee_role` VALUES ('5', '4');
INSERT INTO `t_employee_role` VALUES ('22', '4');

-- ----------------------------
-- Table structure for t_function
-- ----------------------------
DROP TABLE IF EXISTS `t_function`;
CREATE TABLE `t_function` (
  `id` bigint(20) NOT NULL AUTO_INCREMENT,
  `name` varchar(50) DEFAULT NULL,
  `resourceAddr` varchar(100) DEFAULT NULL,
  PRIMARY KEY (`id`)
) ENGINE=InnoDB AUTO_INCREMENT=7 DEFAULT CHARSET=utf8;

-- ----------------------------
-- Records of t_function
-- ----------------------------
INSERT INTO `t_function` VALUES ('1', '资源列表', 'org.ssm.crm520.web.controller.ResourceController:list');
INSERT INTO `t_function` VALUES ('2', '员工列表', 'org.ssm.crm520.web.controller.EmployeeController:save');
INSERT INTO `t_function` VALUES ('3', '员工删除', 'org.ssm.crm520.web.controller.EmployeeController:delete');
INSERT INTO `t_function` VALUES ('4', '员工管理', 'org.ssm.crm520.web.controller.EmployeeController:ALL');
INSERT INTO `t_function` VALUES ('5', '资源首页', 'org.ssm.crm520.web.controller.ResourceController:index');
INSERT INTO `t_function` VALUES ('6', '角色管理', '11111');

-- ----------------------------
-- Table structure for t_menu
-- ----------------------------
DROP TABLE IF EXISTS `t_menu`;
CREATE TABLE `t_menu` (
  `id` bigint(20) NOT NULL AUTO_INCREMENT,
  `text` varchar(20) DEFAULT NULL,
  `url` varchar(200) DEFAULT NULL,
  `description` varchar(200) DEFAULT NULL,
  `parent_id` bigint(20) DEFAULT NULL,
  `iconCls` varchar(40) DEFAULT NULL,
  PRIMARY KEY (`id`),
  KEY `parent_id` (`parent_id`),
  CONSTRAINT `t_menu_ibfk_1` FOREIGN KEY (`parent_id`) REFERENCES `t_menu` (`id`)
) ENGINE=InnoDB AUTO_INCREMENT=41 DEFAULT CHARSET=utf8;

-- ----------------------------
-- Records of t_menu
-- ----------------------------
INSERT INTO `t_menu` VALUES ('1', '营销管理', null, '营销管理1 icon-transmit ', null, ' icon-transmit ');
INSERT INTO `t_menu` VALUES ('2', '潜在客户管理', '/potentialClient/', '潜在客户管理2 icon-user_earth', '1', ' icon-user_earth');
INSERT INTO `t_menu` VALUES ('3', '潜在客户开发计划', '/clientDevelopPlan/', '潜在客户开发计划3 icon-phone_link ', '1', ' icon-phone_link ');
INSERT INTO `t_menu` VALUES ('4', '客户管理', null, '客户管理4icon-people', null, 'icon-people');
INSERT INTO `t_menu` VALUES ('5', '客户信息管理', '/customer/', '客户信息管理5icon-page_word ', '4', 'icon-page_word ');
INSERT INTO `t_menu` VALUES ('6', '客户跟进管理', '/customerTrace/', '客户跟进管理6 icon-page_white_ruby ', '4', ' icon-page_white_ruby ');
INSERT INTO `t_menu` VALUES ('7', '客户移交', '/customerTransHistory/', '客户移交7 icon-basket_go  ', '4', ' icon-basket_go  ');
INSERT INTO `t_menu` VALUES ('8', '客户资源池', '/customerResPool/', '客户资源池8 icon-folder_user ', '4', ' icon-folder_user ');
INSERT INTO `t_menu` VALUES ('9', '定金合同', '', '定金合同9 icon-building ', null, ' icon-building ');
INSERT INTO `t_menu` VALUES ('10', '定金订单管理', '/depositOrder/', '定金订单管理10icon-building_edit', '9', 'icon-building_edit');
INSERT INTO `t_menu` VALUES ('11', '合同管理', '/contract/', '合同管理11 icon-book_addresses ', '9', ' icon-book_addresses ');
INSERT INTO `t_menu` VALUES ('12', '售后管理', null, '售后管理12 icon-camera ', null, ' icon-camera ');
INSERT INTO `t_menu` VALUES ('13', '保修管理', '/warrantyReceipts/', '保修管理13 icon-calendar_view_week ', '12', ' icon-calendar_view_week ');
INSERT INTO `t_menu` VALUES ('14', '投诉建议', null, '投诉建议14 icon-cake_out ', '12', ' icon-cake_out ');
INSERT INTO `t_menu` VALUES ('15', '客户回访', null, '客户回访15icon-tux ', '12', 'icon-tux ');
INSERT INTO `t_menu` VALUES ('16', '系统管理', null, '系统管理16 icon-2012080404391 ', null, ' icon-2012080404391 ');
INSERT INTO `t_menu` VALUES ('17', '员工管理', '/employee/', '员工管理17 icon-user_gray_cool ', '29', ' icon-user_gray_cool ');
INSERT INTO `t_menu` VALUES ('18', '部门管理', '/department/', '部门管理18 icon-webcam_add ', '29', ' icon-webcam_add ');
INSERT INTO `t_menu` VALUES ('19', '资源管理', '/resource/', '资源管理19 icon-world ', '30', ' icon-world ');
INSERT INTO `t_menu` VALUES ('20', '角色管理', '/role/', '角色管理20 icon-status_online ', '30', ' icon-status_online ');
INSERT INTO `t_menu` VALUES ('21', '数据字典', '/systemDictionary/', '数据字典21 icon-script_code ', '29', ' icon-script_code ');
INSERT INTO `t_menu` VALUES ('24', '系统菜单管理', '/menu/', '系统菜单管理24icon-plugin ', '16', 'icon-plugin ');
INSERT INTO `t_menu` VALUES ('25', '修改密码', '', '修改密码25  icon-lock_edit ', '16', '  icon-lock_edit ');
INSERT INTO `t_menu` VALUES ('27', '关于我们', '/about/', '关于我们27 icon-phone ', '32', ' icon-phone ');
INSERT INTO `t_menu` VALUES ('28', '获取帮助', '/help/', '获取帮助28icon-help', '32', 'icon-help');
INSERT INTO `t_menu` VALUES ('29', '基础数据管理', null, '基础数据管理29 icon-bomb ', null, ' icon-bomb ');
INSERT INTO `t_menu` VALUES ('30', '权限管理', '', '权限管理30 icon-lock ', null, ' icon-lock ');
INSERT INTO `t_menu` VALUES ('31', '系统日志', '/systemLog/', '系统日志31icon-page_break', '16', 'icon-page_break');
INSERT INTO `t_menu` VALUES ('32', '关于', null, '关于32icon-information', null, 'icon-information');
INSERT INTO `t_menu` VALUES ('35', '权限管理', '/function/', '中间表的管理', '30', 'icon-lock');
INSERT INTO `t_menu` VALUES ('36', '流程管理', null, '流程的管理', null, 'icon-ok');
INSERT INTO `t_menu` VALUES ('38', '部署管理', '/definition/', null, '36', 'icon-ok');
INSERT INTO `t_menu` VALUES ('39', '私有任务管理', '/definition/task', '', '36', 'icon-ok');
INSERT INTO `t_menu` VALUES ('40', '流程设计', '/myModel/', '', '36', 'icon-ok');

-- ----------------------------
-- Table structure for t_potentialclient
-- ----------------------------
DROP TABLE IF EXISTS `t_potentialclient`;
CREATE TABLE `t_potentialclient` (
  `id` bigint(20) NOT NULL AUTO_INCREMENT,
  `sn` varchar(40) DEFAULT NULL,
  `source_id` bigint(20) DEFAULT NULL,
  `name` varchar(20) DEFAULT NULL,
  `successChance` int(11) DEFAULT NULL,
  `description` varchar(255) DEFAULT NULL,
  `tel` varchar(255) DEFAULT NULL,
  `createStaff_id` bigint(20) DEFAULT NULL,
  `createTime` datetime DEFAULT NULL,
  PRIMARY KEY (`id`),
  KEY `source_id` (`source_id`),
  KEY `createStaff_id` (`createStaff_id`),
  CONSTRAINT `t_potentialclient_ibfk_1` FOREIGN KEY (`source_id`) REFERENCES `t_systemdictionarydetail` (`id`),
  CONSTRAINT `t_potentialclient_ibfk_2` FOREIGN KEY (`createStaff_id`) REFERENCES `t_employee` (`id`)
) ENGINE=InnoDB AUTO_INCREMENT=101 DEFAULT CHARSET=utf8;

-- ----------------------------
-- Records of t_potentialclient
-- ----------------------------
INSERT INTO `t_potentialclient` VALUES ('1', '105f9522', '5', '榔头_potential', '50', '描述0', '13991870383', '5', '2015-05-03 11:43:25');
INSERT INTO `t_potentialclient` VALUES ('2', 'cdcf57e8', '4', '发哥_potential', '99', '描述1', '13176298152', '5', '2015-05-03 11:43:25');
INSERT INTO `t_potentialclient` VALUES ('3', '7f8ad88e', '5', '王五_potential', '59', '描述2', '13990054724', '14', '2015-05-03 11:43:25');
INSERT INTO `t_potentialclient` VALUES ('4', '435a90f9', '4', '大姚_potential', '27', '描述3', '13543380473', '7', '2015-05-03 11:43:25');
INSERT INTO `t_potentialclient` VALUES ('5', 'd85542ab', '7', '周十_potential', '63', '描述4', '13985293320', '3', '2015-05-03 11:43:25');
INSERT INTO `t_potentialclient` VALUES ('6', '54b6ff6a', '8', '榔头_potential', '22', '描述5', '13967241813', '20', '2015-05-03 11:43:25');
INSERT INTO `t_potentialclient` VALUES ('7', 'e90be13d', '4', '王五_potential', '75', '描述6', '13933688915', '19', '2015-05-03 11:43:25');
INSERT INTO `t_potentialclient` VALUES ('8', '4dba2139', '5', 'muscle_potential', '29', '描述7', '13623554720', '10', '2015-05-03 11:43:25');
INSERT INTO `t_potentialclient` VALUES ('9', 'f3976d73', '7', '榔头_potential', '96', '描述8', '13138722883', '22', '2015-05-03 11:43:25');
INSERT INTO `t_potentialclient` VALUES ('10', '3855e8a3', '4', '大姚_potential', '9', '描述9', '13362237084', '20', '2015-05-03 11:43:25');
INSERT INTO `t_potentialclient` VALUES ('11', '498bad88', '7', '大姚_potential', '29', '描述10', '13691535806', '14', '2015-05-03 11:43:25');
INSERT INTO `t_potentialclient` VALUES ('12', '4e075a63', '4', '李四_potential', '36', '描述11', '13852218260', '16', '2015-05-03 11:43:25');
INSERT INTO `t_potentialclient` VALUES ('13', '7fb2ab1e', '8', '李四_potential', '35', '描述12', '13615574436', '5', '2015-05-03 11:43:25');
INSERT INTO `t_potentialclient` VALUES ('14', 'e8d37f6a', '5', '钱九_potential', '69', '描述13', '13690480311', '5', '2015-05-03 11:43:25');
INSERT INTO `t_potentialclient` VALUES ('15', 'c61900ba', '7', '肥桃_potential', '7', '描述14', '13802833333', '5', '2015-05-03 11:43:25');
INSERT INTO `t_potentialclient` VALUES ('16', '4d34429e', '5', '小明_potential', '41', '描述15', '13948156315', '12', '2015-05-03 11:43:25');
INSERT INTO `t_potentialclient` VALUES ('17', '90865f8c', '7', '发哥_potential', '17', '描述16', '13763382172', '22', '2015-05-03 11:43:25');
INSERT INTO `t_potentialclient` VALUES ('18', '0d27a3b5', '7', '肥龙_potential', '21', '描述17', '13592656469', '14', '2015-05-03 11:43:25');
INSERT INTO `t_potentialclient` VALUES ('19', '47af7e48', '4', '王八_potential', '93', '描述18', '13206122958', '20', '2015-05-03 11:43:25');
INSERT INTO `t_potentialclient` VALUES ('20', '3407b142', '4', '张三_potential', '73', '描述19', '13149219918', '8', '2015-05-03 11:43:25');
INSERT INTO `t_potentialclient` VALUES ('21', '7cce66d2', '8', '王八_potential', '76', '描述20', '13431922166', '18', '2015-05-03 11:43:25');
INSERT INTO `t_potentialclient` VALUES ('22', 'b567a069', '7', '小红_potential', '29', '描述21', '13834857833', '14', '2015-05-03 11:43:25');
INSERT INTO `t_potentialclient` VALUES ('23', '1d1e8817', '8', '胖子_potential', '13', '描述22', '13839459560', '21', '2015-05-03 11:43:25');
INSERT INTO `t_potentialclient` VALUES ('24', '73a4931c', '8', '飞卢_potential', '81', '描述23', '13789236456', '21', '2015-05-03 11:43:25');
INSERT INTO `t_potentialclient` VALUES ('25', '2e99989d', '5', '大姚_potential', '13', '描述24', '13098663172', '6', '2015-05-03 11:43:25');
INSERT INTO `t_potentialclient` VALUES ('26', 'a8806091', '8', '榔头_potential', '70', '描述25', '13459052545', '22', '2015-05-03 11:43:25');
INSERT INTO `t_potentialclient` VALUES ('27', '2e664f4c', '8', '小红_potential', '54', '描述26', '13042443837', '10', '2015-05-03 11:43:25');
INSERT INTO `t_potentialclient` VALUES ('28', '0d71eea3', '7', '小明_potential', '14', '描述27', '13256389540', '10', '2015-05-03 11:43:25');
INSERT INTO `t_potentialclient` VALUES ('29', '46650403', '7', '赵六_potential', '39', '描述28', '13733179912', '3', '2015-05-03 11:43:25');
INSERT INTO `t_potentialclient` VALUES ('30', '392b28d0', '4', '大姚_potential', '75', '描述29', '13166353341', '17', '2015-05-03 11:43:25');
INSERT INTO `t_potentialclient` VALUES ('31', 'd23eb47a', '8', '斯斯_potential', '59', '描述30', '13433670537', '21', '2015-05-03 11:43:25');
INSERT INTO `t_potentialclient` VALUES ('32', '4dfdb5de', '4', '肥龙_potential', '75', '描述31', '13653245884', '15', '2015-05-03 11:43:25');
INSERT INTO `t_potentialclient` VALUES ('33', '7ca05ae8', '4', '王五_potential', '32', '描述32', '13271585186', '10', '2015-05-03 11:43:25');
INSERT INTO `t_potentialclient` VALUES ('34', '994ddaf5', '4', '斯斯_potential', '82', '描述33', '13399624404', '18', '2015-05-03 11:43:25');
INSERT INTO `t_potentialclient` VALUES ('35', '3e2c5e59', '5', '大姚_potential', '91', '描述34', '13350079573', '10', '2015-05-03 11:43:25');
INSERT INTO `t_potentialclient` VALUES ('36', '60b98c21', '8', '肥桃_potential', '47', '描述35', '13769298959', '10', '2015-05-03 11:43:25');
INSERT INTO `t_potentialclient` VALUES ('37', '9cc1918f', '4', '依然_potential', '69', '描述36', '13192532084', '21', '2015-05-03 11:43:25');
INSERT INTO `t_potentialclient` VALUES ('38', 'a087e7b8', '7', '发哥_potential', '61', '描述37', '13257469653', '21', '2015-05-03 11:43:25');
INSERT INTO `t_potentialclient` VALUES ('39', '69af2023', '8', '大姚_potential', '18', '描述38', '13707700319', '6', '2015-05-03 11:43:25');
INSERT INTO `t_potentialclient` VALUES ('40', '4e26b293', '8', '胖子_potential', '91', '描述39', '13139117666', '18', '2015-05-03 11:43:25');
INSERT INTO `t_potentialclient` VALUES ('41', 'eac8c9d2', '5', '榔头_potential', '17', '描述40', '13863582328', '21', '2015-05-03 11:43:25');
INSERT INTO `t_potentialclient` VALUES ('42', '4748b5e0', '7', '赵六_potential', '52', '描述41', '13627021949', '13', '2015-05-03 11:43:25');
INSERT INTO `t_potentialclient` VALUES ('43', '4ad56302', '7', '小红_potential', '71', '描述42', '13455066999', '6', '2015-05-03 11:43:25');
INSERT INTO `t_potentialclient` VALUES ('44', '8d87b8fa', '7', '周十_potential', '73', '描述43', '13922274400', '8', '2015-05-03 11:43:25');
INSERT INTO `t_potentialclient` VALUES ('45', 'faa0da93', '7', '小明_potential', '80', '描述44', '13233404057', '14', '2015-05-03 11:43:25');
INSERT INTO `t_potentialclient` VALUES ('46', '36203d65', '4', '钱九_potential', '20', '描述45', '13035123391', '20', '2015-05-03 11:43:25');
INSERT INTO `t_potentialclient` VALUES ('47', '64689e57', '5', '狗运_potential', '81', '描述46', '13796057857', '15', '2015-05-03 11:43:25');
INSERT INTO `t_potentialclient` VALUES ('48', '9bfb16b3', '4', '李四_potential', '1', '描述47', '13693816744', '11', '2015-05-03 11:43:25');
INSERT INTO `t_potentialclient` VALUES ('49', '396e9b6a', '8', '肥龙_potential', '33', '描述48', '13371428135', '18', '2015-05-03 11:43:25');
INSERT INTO `t_potentialclient` VALUES ('50', '73c19b2a', '5', '王二_potential', '22', '描述49', '13461433752', '2', '2015-05-03 11:43:25');
INSERT INTO `t_potentialclient` VALUES ('51', 'e22155f3', '8', '肥桃_potential', '32', '描述50', '13449565080', '6', '2015-05-03 11:43:25');
INSERT INTO `t_potentialclient` VALUES ('52', 'f9ec7845', '4', '李四_potential', '56', '描述51', '14005116626', '22', '2015-05-03 11:43:25');
INSERT INTO `t_potentialclient` VALUES ('53', '89ecb575', '7', '小红_potential', '90', '描述52', '13191643431', '10', '2015-05-03 11:43:25');
INSERT INTO `t_potentialclient` VALUES ('54', '07c577b9', '4', '王八_potential', '36', '描述53', '13368881900', '6', '2015-05-03 11:43:25');
INSERT INTO `t_potentialclient` VALUES ('55', 'fe5c20b6', '7', '依然_potential', '0', '描述54', '13816420543', '9', '2015-05-03 11:43:25');
INSERT INTO `t_potentialclient` VALUES ('56', '4c9f7c6a', '7', '小明_potential', '77', '描述55', '13118972751', '16', '2015-05-03 11:43:25');
INSERT INTO `t_potentialclient` VALUES ('57', '80c4c2a7', '8', '王二_potential', '44', '描述56', '13590986081', '14', '2015-05-03 11:43:25');
INSERT INTO `t_potentialclient` VALUES ('58', '38da3b72', '7', '大姚_potential', '58', '描述57', '13894125450', '15', '2015-05-03 11:43:25');
INSERT INTO `t_potentialclient` VALUES ('59', 'b86055b1', '4', '王八_potential', '59', '描述58', '13248638156', '15', '2015-05-03 11:43:25');
INSERT INTO `t_potentialclient` VALUES ('60', '842ed29e', '8', 'muscle_potential', '95', '描述59', '13424774530', '14', '2015-05-03 11:43:25');
INSERT INTO `t_potentialclient` VALUES ('61', '25095c02', '4', 'muscle_potential', '60', '描述60', '13308616106', '20', '2015-05-03 11:43:25');
INSERT INTO `t_potentialclient` VALUES ('62', 'cb3f1f99', '5', '王八_potential', '68', '描述61', '13476000174', '5', '2015-05-03 11:43:25');
INSERT INTO `t_potentialclient` VALUES ('63', '3955e1fc', '8', '小红_potential', '72', '描述62', '13567026641', '10', '2015-05-03 11:43:25');
INSERT INTO `t_potentialclient` VALUES ('64', '92d574ca', '4', '狗运_potential', '62', '描述63', '13086185095', '9', '2015-05-03 11:43:25');
INSERT INTO `t_potentialclient` VALUES ('65', '0d187804', '5', '依然_potential', '52', '描述64', '13340248036', '14', '2015-05-03 11:43:25');
INSERT INTO `t_potentialclient` VALUES ('66', '9daae2ee', '7', '肥桃_potential', '37', '描述65', '13733748911', '7', '2015-05-03 11:43:25');
INSERT INTO `t_potentialclient` VALUES ('67', 'aea0b51d', '7', '王八_potential', '72', '描述66', '13359259926', '3', '2015-05-03 11:43:25');
INSERT INTO `t_potentialclient` VALUES ('68', 'b061c4ed', '8', '田七_potential', '56', '描述67', '13469849657', '2', '2015-05-03 11:43:25');
INSERT INTO `t_potentialclient` VALUES ('69', '884e883c', '7', '大姚_potential', '74', '描述68', '13472343682', '18', '2015-05-03 11:43:25');
INSERT INTO `t_potentialclient` VALUES ('70', 'edda7bfa', '8', '王二_potential', '75', '描述69', '13436679405', '22', '2015-05-03 11:43:25');
INSERT INTO `t_potentialclient` VALUES ('71', 'f08ce8bf', '7', '赵六_potential', '30', '描述70', '13942272961', '17', '2015-05-03 11:43:25');
INSERT INTO `t_potentialclient` VALUES ('72', 'c21fed69', '5', '肥龙_potential', '7', '描述71', '13905621565', '2', '2015-05-03 11:43:25');
INSERT INTO `t_potentialclient` VALUES ('73', '37fc0f8d', '5', '肥桃_potential', '44', '描述72', '13934055863', '7', '2015-05-03 11:43:25');
INSERT INTO `t_potentialclient` VALUES ('74', 'e0ba0e37', '7', '李四_potential', '98', '描述73', '13300219877', '19', '2015-05-03 11:43:25');
INSERT INTO `t_potentialclient` VALUES ('75', '903aaee2', '4', '小红_potential', '63', '描述74', '13672753174', '9', '2015-05-03 11:43:25');
INSERT INTO `t_potentialclient` VALUES ('76', 'c110ca98', '5', '王二_potential', '15', '描述75', '13561318094', '3', '2015-05-03 11:43:25');
INSERT INTO `t_potentialclient` VALUES ('77', '38f27fba', '7', '肥桃_potential', '46', '描述76', '13172471465', '19', '2015-05-03 11:43:25');
INSERT INTO `t_potentialclient` VALUES ('78', '0b22514f', '4', '张三_potential', '70', '描述77', '13269316625', '14', '2015-05-03 11:43:26');
INSERT INTO `t_potentialclient` VALUES ('79', '0d11ca1a', '4', '赵六_potential', '53', '描述78', '13693860385', '13', '2015-05-03 11:43:26');
INSERT INTO `t_potentialclient` VALUES ('80', '934ebcdd', '4', '榔头_potential', '33', '描述79', '13259427631', '21', '2015-05-03 11:43:26');
INSERT INTO `t_potentialclient` VALUES ('81', '8813fbd8', '8', '肥桃_potential', '66', '描述80', '13986608955', '7', '2015-05-03 11:43:26');
INSERT INTO `t_potentialclient` VALUES ('82', '555a7115', '7', '钱九_potential', '79', '描述81', '13111638723', '15', '2015-05-03 11:43:26');
INSERT INTO `t_potentialclient` VALUES ('83', '402f9f97', '5', '张三_potential', '88', '描述82', '13417918083', '11', '2015-05-03 11:43:26');
INSERT INTO `t_potentialclient` VALUES ('84', '298aa4e2', '4', 'muscle_potential', '91', '描述83', '13940690429', '15', '2015-05-03 11:43:26');
INSERT INTO `t_potentialclient` VALUES ('85', '6519ef41', '4', '小明_potential', '89', '描述84', '13765913156', '2', '2015-05-03 11:43:26');
INSERT INTO `t_potentialclient` VALUES ('86', '34ff998f', '7', '王五_potential', '74', '描述85', '13996615545', '12', '2015-05-03 11:43:26');
INSERT INTO `t_potentialclient` VALUES ('87', '46184bd7', '7', '赵六_potential', '7', '描述86', '13766860734', '17', '2015-05-03 11:43:26');
INSERT INTO `t_potentialclient` VALUES ('88', '90904e57', '8', '斯斯_potential', '91', '描述87', '13223507670', '8', '2015-05-03 11:43:26');
INSERT INTO `t_potentialclient` VALUES ('89', '93a0ac2e', '7', '赵六_potential', '84', '描述88', '13399275959', '12', '2015-05-03 11:43:26');
INSERT INTO `t_potentialclient` VALUES ('90', '187f8370', '7', '发哥_potential', '33', '描述89', '13323402663', '6', '2015-05-03 11:43:26');
INSERT INTO `t_potentialclient` VALUES ('91', '76348d81', '4', '赵六_potential', '10', '描述90', '13386874421', '3', '2015-05-03 11:43:26');
INSERT INTO `t_potentialclient` VALUES ('92', 'edefadb5', '7', 'muscle_potential', '56', '描述91', '13045073518', '15', '2015-05-03 11:43:26');
INSERT INTO `t_potentialclient` VALUES ('93', 'ef797468', '7', '榔头_potential', '73', '描述92', '13082330187', '22', '2015-05-03 11:43:26');
INSERT INTO `t_potentialclient` VALUES ('94', '686056d4', '4', '赵六_potential', '74', '描述93', '13278571041', '10', '2015-05-03 11:43:26');
INSERT INTO `t_potentialclient` VALUES ('95', '94cdf1a0', '8', '胖子_potential', '99', '描述94', '13643670707', '7', '2015-05-03 11:43:26');
INSERT INTO `t_potentialclient` VALUES ('96', 'b922b685', '8', '李四_potential', '76', '描述95', '13925664880', '9', '2015-05-03 11:43:26');
INSERT INTO `t_potentialclient` VALUES ('97', '07f87239', '4', '大姚_potential', '8', '描述96', '13765241056', '11', '2015-05-03 11:43:26');
INSERT INTO `t_potentialclient` VALUES ('98', '961e46ed', '4', '肥龙_potential', '83', '描述97', '13473365301', '8', '2015-05-03 11:43:26');
INSERT INTO `t_potentialclient` VALUES ('99', 'a223aff1', '8', '李四_potential', '78', '描述98', '13813837167', '18', '2015-05-03 11:43:26');
INSERT INTO `t_potentialclient` VALUES ('100', '71c85616', '8', '王五_potential', '39', '描述99', '13464388241', '12', '2015-05-03 11:43:26');

-- ----------------------------
-- Table structure for t_potentialcustomer
-- ----------------------------
DROP TABLE IF EXISTS `t_potentialcustomer`;
CREATE TABLE `t_potentialcustomer` (
  `id` bigint(20) NOT NULL AUTO_INCREMENT,
  `source_id` bigint(30) DEFAULT NULL,
  `name` varchar(30) DEFAULT NULL,
  `odds` int(3) DEFAULT NULL,
  `description` varchar(150) DEFAULT NULL,
  `linkman` varchar(32) DEFAULT NULL,
  `tel` varchar(32) DEFAULT NULL,
  `createMan_id` bigint(30) DEFAULT NULL,
  `createTime` date DEFAULT NULL,
  PRIMARY KEY (`id`),
  KEY `createMan_id` (`createMan_id`),
  KEY `source_id` (`source_id`),
  CONSTRAINT `t_potentialcustomer_ibfk_1` FOREIGN KEY (`createMan_id`) REFERENCES `t_employee` (`id`),
  CONSTRAINT `t_potentialcustomer_ibfk_2` FOREIGN KEY (`source_id`) REFERENCES `t_systemdictionarydetail` (`id`)
) ENGINE=InnoDB AUTO_INCREMENT=4 DEFAULT CHARSET=utf8;

-- ----------------------------
-- Records of t_potentialcustomer
-- ----------------------------
INSERT INTO `t_potentialcustomer` VALUES ('2', null, 'client', '100', 'sdsdfsdf', 'potential', '212331', '3', '2015-05-05');
INSERT INTO `t_potentialcustomer` VALUES ('3', null, 'client11111', '100', 'sssss', 'ssss', '11111', '3', '2015-05-05');

-- ----------------------------
-- Table structure for t_potentialcustomerdevelopplan
-- ----------------------------
DROP TABLE IF EXISTS `t_potentialcustomerdevelopplan`;
CREATE TABLE `t_potentialcustomerdevelopplan` (
  `id` bigint(20) NOT NULL AUTO_INCREMENT,
  `planTime` date DEFAULT NULL,
  `theme` varchar(30) DEFAULT NULL,
  `content` varchar(255) DEFAULT NULL,
  `implementWay_id` bigint(30) DEFAULT NULL,
  `probabilityCustomer_id` bigint(30) DEFAULT NULL,
  `createMan_id` bigint(30) DEFAULT NULL,
  `createTime` date DEFAULT NULL,
  PRIMARY KEY (`id`),
  KEY `implementWay_id` (`implementWay_id`),
  KEY `probabilityCustomer_id` (`probabilityCustomer_id`),
  KEY `createMan_id` (`createMan_id`),
  CONSTRAINT `t_potentialcustomerdevelopplan_ibfk_1` FOREIGN KEY (`implementWay_id`) REFERENCES `t_systemdictionarytype` (`id`),
  CONSTRAINT `t_potentialcustomerdevelopplan_ibfk_2` FOREIGN KEY (`probabilityCustomer_id`) REFERENCES `t_potentialcustomer` (`id`),
  CONSTRAINT `t_potentialcustomerdevelopplan_ibfk_3` FOREIGN KEY (`createMan_id`) REFERENCES `t_employee` (`id`)
) ENGINE=InnoDB AUTO_INCREMENT=5 DEFAULT CHARSET=utf8;

-- ----------------------------
-- Records of t_potentialcustomerdevelopplan
-- ----------------------------
INSERT INTO `t_potentialcustomerdevelopplan` VALUES ('2', '2015-05-05', null, null, '3', '3', '2', '2015-05-05');
INSERT INTO `t_potentialcustomerdevelopplan` VALUES ('3', '2015-05-05', null, null, '3', '3', '2', '2015-05-05');
INSERT INTO `t_potentialcustomerdevelopplan` VALUES ('4', '2015-05-05', 'asdasd', 'asdasdasd', '2', '2', '3', '2015-05-05');

-- ----------------------------
-- Table structure for t_resource
-- ----------------------------
DROP TABLE IF EXISTS `t_resource`;
CREATE TABLE `t_resource` (
  `id` bigint(20) NOT NULL AUTO_INCREMENT,
  `name` varchar(20) DEFAULT NULL,
  `resourceAddr` varchar(100) DEFAULT NULL,
  PRIMARY KEY (`id`)
) ENGINE=InnoDB AUTO_INCREMENT=8 DEFAULT CHARSET=utf8;

-- ----------------------------
-- Records of t_resource
-- ----------------------------
INSERT INTO `t_resource` VALUES ('2', 'xx', 'xx');
INSERT INTO `t_resource` VALUES ('3', '员工列表', 'org.ssm.crm520.web.controller.ResourceController.list');
INSERT INTO `t_resource` VALUES ('7', '员工增加', 'org.ssm.crm520.web.controller.ResourceController.list');

-- ----------------------------
-- Table structure for t_role
-- ----------------------------
DROP TABLE IF EXISTS `t_role`;
CREATE TABLE `t_role` (
  `id` bigint(20) NOT NULL AUTO_INCREMENT,
  `sn` varchar(30) DEFAULT NULL,
  `name` varchar(30) DEFAULT NULL,
  PRIMARY KEY (`id`)
) ENGINE=InnoDB AUTO_INCREMENT=36 DEFAULT CHARSET=utf8;

-- ----------------------------
-- Records of t_role
-- ----------------------------
INSERT INTO `t_role` VALUES ('2', 'admin', '超级管理员');
INSERT INTO `t_role` VALUES ('3', 'assist', '辅助管理员');
INSERT INTO `t_role` VALUES ('4', 'manager', '项目经理');
INSERT INTO `t_role` VALUES ('5', 'manager', '项目尽力2');
INSERT INTO `t_role` VALUES ('6', 'manager', '阿斯蒂芬');
INSERT INTO `t_role` VALUES ('33', 'test', 'asdf');
INSERT INTO `t_role` VALUES ('34', 'test', '测试');
INSERT INTO `t_role` VALUES ('35', 'test', '测试');

-- ----------------------------
-- Table structure for t_role_function
-- ----------------------------
DROP TABLE IF EXISTS `t_role_function`;
CREATE TABLE `t_role_function` (
  `role_id` bigint(20) NOT NULL DEFAULT '0',
  `function_id` bigint(20) NOT NULL DEFAULT '0',
  PRIMARY KEY (`role_id`,`function_id`),
  KEY `function_id` (`function_id`)
) ENGINE=InnoDB DEFAULT CHARSET=utf8;

-- ----------------------------
-- Records of t_role_function
-- ----------------------------
INSERT INTO `t_role_function` VALUES ('2', '1');
INSERT INTO `t_role_function` VALUES ('3', '1');
INSERT INTO `t_role_function` VALUES ('6', '1');
INSERT INTO `t_role_function` VALUES ('2', '2');
INSERT INTO `t_role_function` VALUES ('2', '3');
INSERT INTO `t_role_function` VALUES ('3', '3');
INSERT INTO `t_role_function` VALUES ('2', '4');
INSERT INTO `t_role_function` VALUES ('3', '4');
INSERT INTO `t_role_function` VALUES ('3', '5');
INSERT INTO `t_role_function` VALUES ('2', '6');

-- ----------------------------
-- Table structure for t_role_menu
-- ----------------------------
DROP TABLE IF EXISTS `t_role_menu`;
CREATE TABLE `t_role_menu` (
  `role_id` bigint(20) NOT NULL,
  `menu_id` bigint(20) NOT NULL,
  PRIMARY KEY (`role_id`,`menu_id`),
  KEY `menu_id` (`menu_id`),
  CONSTRAINT `t_role_menu_ibfk_1` FOREIGN KEY (`role_id`) REFERENCES `t_role` (`id`),
  CONSTRAINT `t_role_menu_ibfk_2` FOREIGN KEY (`menu_id`) REFERENCES `t_menu` (`id`)
) ENGINE=InnoDB DEFAULT CHARSET=utf8;

-- ----------------------------
-- Records of t_role_menu
-- ----------------------------
INSERT INTO `t_role_menu` VALUES ('2', '1');
INSERT INTO `t_role_menu` VALUES ('4', '1');
INSERT INTO `t_role_menu` VALUES ('2', '2');
INSERT INTO `t_role_menu` VALUES ('4', '2');
INSERT INTO `t_role_menu` VALUES ('2', '3');
INSERT INTO `t_role_menu` VALUES ('4', '3');
INSERT INTO `t_role_menu` VALUES ('2', '4');
INSERT INTO `t_role_menu` VALUES ('3', '4');
INSERT INTO `t_role_menu` VALUES ('4', '4');
INSERT INTO `t_role_menu` VALUES ('2', '5');
INSERT INTO `t_role_menu` VALUES ('3', '5');
INSERT INTO `t_role_menu` VALUES ('4', '5');
INSERT INTO `t_role_menu` VALUES ('2', '6');
INSERT INTO `t_role_menu` VALUES ('3', '6');
INSERT INTO `t_role_menu` VALUES ('4', '6');
INSERT INTO `t_role_menu` VALUES ('2', '7');
INSERT INTO `t_role_menu` VALUES ('3', '7');
INSERT INTO `t_role_menu` VALUES ('4', '7');
INSERT INTO `t_role_menu` VALUES ('2', '8');
INSERT INTO `t_role_menu` VALUES ('3', '8');
INSERT INTO `t_role_menu` VALUES ('4', '8');
INSERT INTO `t_role_menu` VALUES ('2', '9');
INSERT INTO `t_role_menu` VALUES ('3', '9');
INSERT INTO `t_role_menu` VALUES ('2', '10');
INSERT INTO `t_role_menu` VALUES ('3', '10');
INSERT INTO `t_role_menu` VALUES ('2', '11');
INSERT INTO `t_role_menu` VALUES ('3', '11');
INSERT INTO `t_role_menu` VALUES ('2', '12');
INSERT INTO `t_role_menu` VALUES ('2', '13');
INSERT INTO `t_role_menu` VALUES ('2', '14');
INSERT INTO `t_role_menu` VALUES ('2', '15');
INSERT INTO `t_role_menu` VALUES ('2', '16');
INSERT INTO `t_role_menu` VALUES ('2', '17');
INSERT INTO `t_role_menu` VALUES ('3', '17');
INSERT INTO `t_role_menu` VALUES ('2', '18');
INSERT INTO `t_role_menu` VALUES ('3', '18');
INSERT INTO `t_role_menu` VALUES ('2', '19');
INSERT INTO `t_role_menu` VALUES ('2', '20');
INSERT INTO `t_role_menu` VALUES ('2', '21');
INSERT INTO `t_role_menu` VALUES ('3', '21');
INSERT INTO `t_role_menu` VALUES ('2', '24');
INSERT INTO `t_role_menu` VALUES ('2', '25');
INSERT INTO `t_role_menu` VALUES ('2', '27');
INSERT INTO `t_role_menu` VALUES ('2', '28');
INSERT INTO `t_role_menu` VALUES ('2', '29');
INSERT INTO `t_role_menu` VALUES ('3', '29');
INSERT INTO `t_role_menu` VALUES ('2', '30');
INSERT INTO `t_role_menu` VALUES ('2', '31');
INSERT INTO `t_role_menu` VALUES ('2', '32');
INSERT INTO `t_role_menu` VALUES ('2', '35');
INSERT INTO `t_role_menu` VALUES ('4', '36');
INSERT INTO `t_role_menu` VALUES ('4', '38');
INSERT INTO `t_role_menu` VALUES ('4', '39');

-- ----------------------------
-- Table structure for t_systemdictionarydetail
-- ----------------------------
DROP TABLE IF EXISTS `t_systemdictionarydetail`;
CREATE TABLE `t_systemdictionarydetail` (
  `id` bigint(20) NOT NULL AUTO_INCREMENT,
  `name` varchar(20) DEFAULT NULL,
  `sn` int(11) DEFAULT NULL,
  `intro` varchar(100) DEFAULT NULL,
  `type_id` bigint(20) DEFAULT NULL,
  PRIMARY KEY (`id`),
  KEY `type_id` (`type_id`),
  CONSTRAINT `t_systemdictionarydetail_ibfk_1` FOREIGN KEY (`type_id`) REFERENCES `t_systemdictionarytype` (`id`)
) ENGINE=InnoDB AUTO_INCREMENT=20 DEFAULT CHARSET=utf8;

-- ----------------------------
-- Records of t_systemdictionarydetail
-- ----------------------------
INSERT INTO `t_systemdictionarydetail` VALUES ('1', '程序员', '1', '做软件的', '1');
INSERT INTO `t_systemdictionarydetail` VALUES ('2', '建筑师', '2', '建筑行业', '1');
INSERT INTO `t_systemdictionarydetail` VALUES ('3', '银行职员', '3', '金融方面', '1');
INSERT INTO `t_systemdictionarydetail` VALUES ('4', '电话营销', '1', '电销来的', '2');
INSERT INTO `t_systemdictionarydetail` VALUES ('5', '朋友介绍', '2', '介绍来的', '2');
INSERT INTO `t_systemdictionarydetail` VALUES ('7', '移动广告', '3', '发传单,网上等', '2');
INSERT INTO `t_systemdictionarydetail` VALUES ('8', '自动找来', '4', '各种消息来的', '2');
INSERT INTO `t_systemdictionarydetail` VALUES ('9', '3000以下1', '1', '较低', '3');
INSERT INTO `t_systemdictionarydetail` VALUES ('10', '3000-5000', '2', '适中', '3');
INSERT INTO `t_systemdictionarydetail` VALUES ('11', '5000-10000', '3', '中高', '3');
INSERT INTO `t_systemdictionarydetail` VALUES ('12', '10000以上', '2', '较高', null);
INSERT INTO `t_systemdictionarydetail` VALUES ('17', '电话', '4', 'tel', '4');
INSERT INTO `t_systemdictionarydetail` VALUES ('18', '短信', null, 'duanxin', '4');
INSERT INTO `t_systemdictionarydetail` VALUES ('19', '上门拜访', null, 'godoor', '4');

-- ----------------------------
-- Table structure for t_systemdictionarytype
-- ----------------------------
DROP TABLE IF EXISTS `t_systemdictionarytype`;
CREATE TABLE `t_systemdictionarytype` (
  `id` bigint(20) NOT NULL AUTO_INCREMENT,
  `name` varchar(20) DEFAULT NULL,
  `sn` varchar(20) DEFAULT NULL,
  `status` int(11) DEFAULT NULL,
  `intro` varchar(100) DEFAULT NULL,
  PRIMARY KEY (`id`)
) ENGINE=InnoDB AUTO_INCREMENT=5 DEFAULT CHARSET=utf8;

-- ----------------------------
-- Records of t_systemdictionarytype
-- ----------------------------
INSERT INTO `t_systemdictionarytype` VALUES ('1', '职业', 'zhiye', '1', '客户是做什么的');
INSERT INTO `t_systemdictionarytype` VALUES ('2', '客户来源', 'kehufrom', '1', '客户是怎么找到我们公司的');
INSERT INTO `t_systemdictionarytype` VALUES ('3', '收入阶梯', 'salaryfrom', '1', '客户的收入阶梯');
INSERT INTO `t_systemdictionarytype` VALUES ('4', '跟进方式', 'traceMethod', '1', '如何跟进的');

-- ----------------------------
-- Table structure for t_systemlog
-- ----------------------------
DROP TABLE IF EXISTS `t_systemlog`;
CREATE TABLE `t_systemlog` (
  `id` bigint(20) NOT NULL AUTO_INCREMENT,
  `opTime` datetime DEFAULT NULL,
  `opIp` varchar(255) DEFAULT NULL,
  `function` varchar(255) DEFAULT NULL,
  `args` varchar(4000) DEFAULT NULL,
  `opUser_id` bigint(20) DEFAULT NULL,
  PRIMARY KEY (`id`),
  KEY `t_systemlog_ibfk_1` (`opUser_id`),
  CONSTRAINT `t_systemlog_ibfk_1` FOREIGN KEY (`opUser_id`) REFERENCES `t_employee` (`id`)
) ENGINE=InnoDB AUTO_INCREMENT=14534 DEFAULT CHARSET=utf8;


